id;gen_alu;fec_nac_alu;rango_edad;tipo_inst_3;nomb_inst
1152299;2;200004;20 a 24 años;Universidades Privadas;UNIVERSIDAD FINIS TERRAE
760625;2;200106;20 a 24 años;Universidades Privadas;UNIVERSIDAD AUTONOMA DE CHILE
237677;2;199404;25 a 29 años;Universidades Privadas;UNIVERSIDAD ACADEMIA DE HUMANISMO CRISTIANO
294427;2;199509;25 a 29 años;Universidades Estatales CRUCH;UNIVERSIDAD DE O'HIGGINS
493059;2;199810;20 a 24 años;Universidades Estatales CRUCH;UNIVERSIDAD DE PLAYA ANCHA DE CIENCIAS DE LA EDUCACION
1046305;2;200402;15 a 19 años;Universidades Estatales CRUCH;UNIVERSIDAD DE MAGALLANES
203387;2;199302;25 a 29 años;Universidades Privadas CRUCH;PONTIFICIA UNIVERSIDAD CATOLICA DE VALPARAISO
579465;2;200001;20 a 24 años;Universidades Privadas CRUCH;UNIVERSIDAD DE LOS ANDES
1155600;2;200009;20 a 24 años;Universidades Privadas CRUCH;UNIVERSIDAD CATOLICA DE LA SANTISIMA CONCEPCION
879775;2;200211;15 a 19 años;Universidades Privadas CRUCH;UNIVERSIDAD DE LOS ANDES
318829;1;199607;25 a 29 años;Universidades Privadas CRUCH;UNIVERSIDAD CATOLICA DE LA SANTISIMA CONCEPCION
904315;2;200006;20 a 24 años;Universidades Privadas CRUCH;UNIVERSIDAD CATOLICA DE LA SANTISIMA CONCEPCION
955339;2;200301;15 a 19 años;Universidades Privadas CRUCH;UNIVERSIDAD CATOLICA DE LA SANTISIMA CONCEPCION
1002198;2;200307;15 a 19 años;Universidades Estatales CRUCH;UNIVERSIDAD DE ANTOFAGASTA
446071;2;199906;20 a 24 años;Universidades Privadas;UNIVERSIDAD AUTONOMA DE CHILE
488642;2;199811;20 a 24 años;Universidades Privadas;UNIVERSIDAD AUTONOMA DE CHILE
299564;2;199510;25 a 29 años;Universidades Privadas CRUCH;PONTIFICIA UNIVERSIDAD CATOLICA DE VALPARAISO
601533;2;199908;20 a 24 años;Universidades Privadas;UNIVERSIDAD SAN SEBASTIAN
575078;2;200002;20 a 24 años;Universidades Privadas;UNIVERSIDAD FINIS TERRAE
711988;2;200104;20 a 24 años;Universidades Estatales CRUCH;UNIVERSIDAD DE O'HIGGINS
606279;2;200009;20 a 24 años;Universidades Privadas CRUCH;UNIVERSIDAD CATOLICA DE TEMUCO
165827;2;199010;30 a 34 años;Universidades Privadas CRUCH;UNIVERSIDAD CATOLICA DE LA SANTISIMA CONCEPCION
327297;2;199611;25 a 29 años;Universidades Privadas CRUCH;PONTIFICIA UNIVERSIDAD CATOLICA DE VALPARAISO
147635;2;198907;30 a 34 años;Universidades Privadas;UNIVERSIDAD DE LAS AMERICAS
1149705;2;200002;20 a 24 años;Universidades Privadas;UNIVERSIDAD AUTONOMA DE CHILE
399424;2;199711;20 a 24 años;Universidades Privadas;UNIVERSIDAD DE LAS AMERICAS
577055;2;199907;20 a 24 años;Universidades Privadas CRUCH;UNIVERSIDAD DE LOS ANDES
262432;2;199506;25 a 29 años;Universidades Estatales CRUCH;UNIVERSIDAD DE PLAYA ANCHA DE CIENCIAS DE LA EDUCACION
331863;2;199609;25 a 29 años;Universidades Privadas;UNIVERSIDAD AUTONOMA DE CHILE
565391;2;199909;20 a 24 años;Universidades Privadas CRUCH;UNIVERSIDAD CATOLICA DE LA SANTISIMA CONCEPCION
973074;2;200303;15 a 19 años;Universidades Estatales CRUCH;UNIVERSIDAD DE ANTOFAGASTA
464518;2;199902;20 a 24 años;Universidades Privadas CRUCH;UNIVERSIDAD DE LOS ANDES
578303;2;199910;20 a 24 años;Universidades Privadas CRUCH;UNIVERSIDAD DE LOS ANDES
696394;2;200103;20 a 24 años;Universidades Privadas CRUCH;UNIVERSIDAD AUSTRAL DE CHILE
1162026;2;200107;20 a 24 años;Universidades Privadas CRUCH;UNIVERSIDAD DE LOS ANDES
1168771;2;200204;20 a 24 años;Universidades Privadas CRUCH;UNIVERSIDAD CATOLICA DE LA SANTISIMA CONCEPCION
634735;2;200001;20 a 24 años;Universidades Privadas;UNIVERSIDAD AUTONOMA DE CHILE
710525;2;200110;20 a 24 años;Universidades Privadas;UNIVERSIDAD AUTONOMA DE CHILE
243065;1;199406;25 a 29 años;Universidades Privadas;UNIVERSIDAD AUTONOMA DE CHILE
393310;2;199801;20 a 24 años;Universidades Privadas CRUCH;UNIVERSIDAD CATOLICA DE TEMUCO
96876;1;198602;35 a 39 años;Universidades Privadas CRUCH;PONTIFICIA UNIVERSIDAD CATOLICA DE VALPARAISO
689706;1;200011;20 a 24 años;Universidades Privadas;UNIVERSIDAD CATOLICA CARDENAL RAUL SILVA HENRIQUEZ
676537;2;200012;20 a 24 años;Universidades Privadas;UNIVERSIDAD AUTONOMA DE CHILE
392205;2;199809;20 a 24 años;Universidades Privadas CRUCH;UNIVERSIDAD CATOLICA DE LA SANTISIMA CONCEPCION
971972;1;200303;15 a 19 años;Universidades Privadas CRUCH;UNIVERSIDAD CATOLICA DE LA SANTISIMA CONCEPCION
667429;2;200012;20 a 24 años;Universidades Privadas;UNIVERSIDAD CATOLICA CARDENAL RAUL SILVA HENRIQUEZ
253448;2;199408;25 a 29 años;Universidades Privadas;UNIVERSIDAD CATOLICA CARDENAL RAUL SILVA HENRIQUEZ
482155;1;199905;20 a 24 años;Universidades Estatales CRUCH;UNIVERSIDAD DE O'HIGGINS
830655;2;200203;20 a 24 años;Universidades Privadas CRUCH;UNIVERSIDAD CATOLICA DE TEMUCO
553470;2;199908;20 a 24 años;Universidades Privadas;UNIVERSIDAD AUTONOMA DE CHILE
519944;2;199908;20 a 24 años;Universidades Estatales CRUCH;UNIVERSIDAD DE O'HIGGINS
1147023;2;200005;20 a 24 años;Universidades Privadas CRUCH;UNIVERSIDAD CATOLICA DEL NORTE
762373;2;200107;20 a 24 años;Universidades Privadas CRUCH;UNIVERSIDAD CATOLICA DE LA SANTISIMA CONCEPCION
376335;2;199704;25 a 29 años;Universidades Estatales CRUCH;UNIVERSIDAD DE CHILE
586988;2;200003;20 a 24 años;Universidades Privadas CRUCH;PONTIFICIA UNIVERSIDAD CATOLICA DE VALPARAISO
630065;2;200004;20 a 24 años;Universidades Privadas;UNIVERSIDAD AUTONOMA DE CHILE
859009;2;200203;20 a 24 años;Universidades Privadas CRUCH;PONTIFICIA UNIVERSIDAD CATOLICA DE VALPARAISO
964829;2;200310;15 a 19 años;Universidades Privadas;UNIVERSIDAD CATOLICA CARDENAL RAUL SILVA HENRIQUEZ
366187;2;199708;20 a 24 años;Universidades Privadas;UNIVERSIDAD ACADEMIA DE HUMANISMO CRISTIANO
456656;2;199908;20 a 24 años;Universidades Privadas CRUCH;UNIVERSIDAD CATOLICA DE TEMUCO
417416;2;199801;20 a 24 años;Universidades Privadas CRUCH;UNIVERSIDAD CATOLICA DE TEMUCO
321070;2;199710;20 a 24 años;Universidades Estatales CRUCH;UNIVERSIDAD DE PLAYA ANCHA DE CIENCIAS DE LA EDUCACION
670386;2;200006;20 a 24 años;Universidades Estatales CRUCH;UNIVERSIDAD ARTURO PRAT
218445;2;199301;25 a 29 años;Universidades Privadas;UNIVERSIDAD DE LAS AMERICAS
333419;2;199606;25 a 29 años;Universidades Privadas;UNIVERSIDAD AUTONOMA DE CHILE
396743;2;199801;20 a 24 años;Universidades Estatales CRUCH;UNIVERSIDAD ARTURO PRAT
443021;1;199811;20 a 24 años;Universidades Privadas CRUCH;UNIVERSIDAD CATOLICA DE LA SANTISIMA CONCEPCION
813815;2;200110;20 a 24 años;Universidades Estatales CRUCH;UNIVERSIDAD DE PLAYA ANCHA DE CIENCIAS DE LA EDUCACION
938274;2;200306;15 a 19 años;Universidades Privadas CRUCH;UNIVERSIDAD AUSTRAL DE CHILE
1191172;1;200401;15 a 19 años;Universidades Privadas CRUCH;UNIVERSIDAD CATOLICA DE LA SANTISIMA CONCEPCION
1183176;2;200301;15 a 19 años;Universidades Estatales CRUCH;UNIVERSIDAD DE O'HIGGINS
523365;2;199902;20 a 24 años;Universidades Privadas CRUCH;UNIVERSIDAD CATOLICA DE LA SANTISIMA CONCEPCION
177924;2;199110;30 a 34 años;Universidades Privadas CRUCH;UNIVERSIDAD CATOLICA DE LA SANTISIMA CONCEPCION
1138382;2;199804;20 a 24 años;Universidades Privadas CRUCH;UNIVERSIDAD AUSTRAL DE CHILE
666761;2;200004;20 a 24 años;Universidades Privadas;UNIVERSIDAD ACADEMIA DE HUMANISMO CRISTIANO
168103;2;199106;30 a 34 años;Universidades Privadas;UNIVERSIDAD CATOLICA CARDENAL RAUL SILVA HENRIQUEZ
710747;1;200108;20 a 24 años;Universidades Estatales CRUCH;UNIVERSIDAD DE CHILE
200572;1;199211;25 a 29 años;Universidades Privadas;UNIVERSIDAD AUTONOMA DE CHILE
201923;2;199306;25 a 29 años;Universidades Privadas CRUCH;UNIVERSIDAD AUSTRAL DE CHILE
482478;2;199810;20 a 24 años;Universidades Privadas CRUCH;UNIVERSIDAD AUSTRAL DE CHILE
102865;2;198611;35 a 39 años;Universidades Estatales CRUCH;UNIVERSIDAD DE O'HIGGINS
291773;2;200102;20 a 24 años;Universidades Privadas CRUCH;UNIVERSIDAD CATOLICA DE LA SANTISIMA CONCEPCION
1013696;2;200309;15 a 19 años;Universidades Estatales CRUCH;UNIVERSIDAD DE O'HIGGINS
506283;2;199811;20 a 24 años;Universidades Privadas CRUCH;UNIVERSIDAD CATOLICA DE TEMUCO
696273;2;200105;20 a 24 años;Universidades Estatales CRUCH;UNIVERSIDAD DE TARAPACA
755897;2;200104;20 a 24 años;Universidades Privadas;UNIVERSIDAD CATOLICA CARDENAL RAUL SILVA HENRIQUEZ
744016;2;200104;20 a 24 años;Universidades Privadas CRUCH;UNIVERSIDAD CATOLICA DE LA SANTISIMA CONCEPCION
1110515;1;199003;30 a 34 años;Universidades Privadas;UNIVERSIDAD DE LAS AMERICAS
1007668;2;200308;15 a 19 años;Universidades Estatales CRUCH;UNIVERSIDAD DE CHILE
369595;2;199704;25 a 29 años;Universidades Privadas;UNIVERSIDAD DE LAS AMERICAS
407250;2;199708;20 a 24 años;Universidades Privadas;UNIVERSIDAD AUTONOMA DE CHILE
1035684;2;200310;15 a 19 años;Universidades Privadas CRUCH;UNIVERSIDAD CATOLICA DE TEMUCO
402519;2;199710;20 a 24 años;Universidades Privadas CRUCH;UNIVERSIDAD CATOLICA DE TEMUCO
1134831;2;199806;20 a 24 años;Universidades Privadas CRUCH;UNIVERSIDAD AUSTRAL DE CHILE
1061768;2;200406;15 a 19 años;Universidades Estatales CRUCH;UNIVERSIDAD DE TARAPACA
844277;2;200201;20 a 24 años;Universidades Privadas CRUCH;UNIVERSIDAD CATOLICA DE TEMUCO
167193;2;199008;30 a 34 años;Universidades Privadas;UNIVERSIDAD CATOLICA CARDENAL RAUL SILVA HENRIQUEZ
55037;2;198305;35 a 39 años;Universidades Estatales CRUCH;UNIVERSIDAD DE TARAPACA
463662;2;199808;20 a 24 años;Universidades Estatales CRUCH;UNIVERSIDAD ARTURO PRAT
338611;2;199609;25 a 29 años;Universidades Privadas CRUCH;UNIVERSIDAD AUSTRAL DE CHILE
1004819;1;200103;20 a 24 años;Universidades Estatales CRUCH;UNIVERSIDAD DE MAGALLANES
334085;1;199610;25 a 29 años;Universidades Privadas CRUCH;UNIVERSIDAD CATOLICA DEL NORTE
589282;1;200007;20 a 24 años;Universidades Privadas;UNIVERSIDAD AUTONOMA DE CHILE
186940;1;199202;30 a 34 años;Universidades Estatales CRUCH;UNIVERSIDAD DE O'HIGGINS
373383;2;199712;20 a 24 años;Universidades Privadas CRUCH;UNIVERSIDAD DE LOS ANDES
670655;1;200007;20 a 24 años;Universidades Estatales CRUCH;UNIVERSIDAD ARTURO PRAT
543655;2;199907;20 a 24 años;Universidades Estatales CRUCH;UNIVERSIDAD DE CHILE
499791;1;199904;20 a 24 años;Universidades Privadas CRUCH;UNIVERSIDAD CATOLICA DE TEMUCO
100650;2;198610;35 a 39 años;Universidades Privadas;UNIVERSIDAD SAN SEBASTIAN
171655;1;199012;30 a 34 años;Universidades Privadas;UNIVERSIDAD CATOLICA CARDENAL RAUL SILVA HENRIQUEZ
971018;2;200303;15 a 19 años;Universidades Estatales CRUCH;UNIVERSIDAD DE ANTOFAGASTA
410375;2;199811;20 a 24 años;Universidades Privadas;UNIVERSIDAD AUTONOMA DE CHILE
540041;2;199905;20 a 24 años;Universidades Estatales CRUCH;UNIVERSIDAD DE ANTOFAGASTA
313014;2;199605;25 a 29 años;Universidades Estatales CRUCH;UNIVERSIDAD DE O'HIGGINS
670317;1;200006;20 a 24 años;Universidades Estatales CRUCH;UNIVERSIDAD ARTURO PRAT
176553;2;199111;30 a 34 años;Universidades Privadas;UNIVERSIDAD AUTONOMA DE CHILE
984619;2;200303;15 a 19 años;Universidades Privadas CRUCH;UNIVERSIDAD DE LOS ANDES
26251;1;197703;40 y m√°s años;Universidades Privadas;UNIVERSIDAD DE LAS AMERICAS
314275;2;199511;25 a 29 años;Universidades Privadas;UNIVERSIDAD CATOLICA CARDENAL RAUL SILVA HENRIQUEZ
313754;2;199602;25 a 29 años;Universidades Privadas;UNIVERSIDAD CATOLICA CARDENAL RAUL SILVA HENRIQUEZ
516345;2;199907;20 a 24 años;Universidades Privadas;UNIVERSIDAD ACADEMIA DE HUMANISMO CRISTIANO
739763;2;200011;20 a 24 años;Universidades Privadas CRUCH;UNIVERSIDAD CATOLICA DE LA SANTISIMA CONCEPCION
587944;2;200006;20 a 24 años;Universidades Estatales CRUCH;UNIVERSIDAD DE O'HIGGINS
442064;2;199808;20 a 24 años;Universidades Privadas;UNIVERSIDAD ACADEMIA DE HUMANISMO CRISTIANO
756573;1;200102;20 a 24 años;Universidades Estatales CRUCH;UNIVERSIDAD DE CHILE
687329;1;200104;20 a 24 años;Universidades Privadas CRUCH;UNIVERSIDAD CATOLICA DEL NORTE
770023;2;200105;20 a 24 años;Universidades Privadas CRUCH;UNIVERSIDAD CATOLICA DE TEMUCO
729065;2;200104;20 a 24 años;Universidades Estatales CRUCH;UNIVERSIDAD DE O'HIGGINS
798286;2;200108;20 a 24 años;Universidades Privadas CRUCH;UNIVERSIDAD CATOLICA DEL NORTE
1154754;2;200006;20 a 24 años;Universidades Privadas CRUCH;UNIVERSIDAD CATOLICA DE LA SANTISIMA CONCEPCION
1155828;2;200101;20 a 24 años;Universidades Estatales CRUCH;UNIVERSIDAD DE PLAYA ANCHA DE CIENCIAS DE LA EDUCACION
200596;2;199007;30 a 34 años;Universidades Privadas;UNIVERSIDAD DE LAS AMERICAS
668351;2;200009;20 a 24 años;Universidades Privadas;UNIVERSIDAD CATOLICA CARDENAL RAUL SILVA HENRIQUEZ
612843;2;200007;20 a 24 años;Universidades Estatales CRUCH;UNIVERSIDAD DE O'HIGGINS
619003;2;200009;20 a 24 años;Universidades Estatales CRUCH;UNIVERSIDAD DE TARAPACA
641652;2;200008;20 a 24 años;Universidades Privadas CRUCH;UNIVERSIDAD CATOLICA DE LA SANTISIMA CONCEPCION
780547;2;200203;20 a 24 años;Universidades Privadas CRUCH;PONTIFICIA UNIVERSIDAD CATOLICA DE VALPARAISO
475018;2;199808;20 a 24 años;Universidades Estatales CRUCH;UNIVERSIDAD DE PLAYA ANCHA DE CIENCIAS DE LA EDUCACION
600992;2;199512;25 a 29 años;Universidades Privadas CRUCH;UNIVERSIDAD AUSTRAL DE CHILE
581635;2;199910;20 a 24 años;Universidades Privadas CRUCH;PONTIFICIA UNIVERSIDAD CATOLICA DE VALPARAISO
935212;2;200307;15 a 19 años;Universidades Privadas;UNIVERSIDAD FINIS TERRAE
33165;1;197909;40 y m√°s años;Universidades Privadas;UNIVERSIDAD DE LAS AMERICAS
505387;2;199908;20 a 24 años;Universidades Privadas;UNIVERSIDAD CATOLICA CARDENAL RAUL SILVA HENRIQUEZ
184262;2;198311;35 a 39 años;Universidades Privadas;UNIVERSIDAD CATOLICA CARDENAL RAUL SILVA HENRIQUEZ
499422;2;199902;20 a 24 años;Universidades Privadas;UNIVERSIDAD AUTONOMA DE CHILE
493822;2;199810;20 a 24 años;Universidades Privadas;UNIVERSIDAD AUTONOMA DE CHILE
620762;2;200005;20 a 24 años;Universidades Privadas CRUCH;PONTIFICIA UNIVERSIDAD CATOLICA DE VALPARAISO
175766;2;199105;30 a 34 años;Universidades Privadas;UNIVERSIDAD DE LAS AMERICAS
160532;2;199208;25 a 29 años;Universidades Privadas CRUCH;UNIVERSIDAD CATOLICA DE TEMUCO
405992;2;199812;20 a 24 años;Universidades Estatales CRUCH;UNIVERSIDAD DE PLAYA ANCHA DE CIENCIAS DE LA EDUCACION
1077046;2;200009;20 a 24 años;Universidades Estatales CRUCH;UNIVERSIDAD DE ANTOFAGASTA
372779;2;199704;25 a 29 años;Universidades Privadas CRUCH;UNIVERSIDAD DE LOS ANDES
57648;2;199712;20 a 24 años;Universidades Estatales CRUCH;UNIVERSIDAD DE PLAYA ANCHA DE CIENCIAS DE LA EDUCACION
443414;1;199803;20 a 24 años;Universidades Estatales CRUCH;UNIVERSIDAD DE CHILE
732532;2;200101;20 a 24 años;Universidades Estatales CRUCH;UNIVERSIDAD DE PLAYA ANCHA DE CIENCIAS DE LA EDUCACION
1194507;2;198502;35 a 39 años;Universidades Privadas;UNIVERSIDAD SAN SEBASTIAN
537321;2;199909;20 a 24 años;Universidades Privadas CRUCH;PONTIFICIA UNIVERSIDAD CATOLICA DE VALPARAISO
630576;2;200005;20 a 24 años;Universidades Privadas CRUCH;UNIVERSIDAD CATOLICA DEL NORTE
512956;2;199903;20 a 24 años;Universidades Privadas;UNIVERSIDAD FINIS TERRAE
271275;2;199412;25 a 29 años;Universidades Privadas;UNIVERSIDAD AUTONOMA DE CHILE
613252;1;200008;20 a 24 años;Universidades Estatales CRUCH;UNIVERSIDAD DE CHILE
621879;2;200011;20 a 24 años;Universidades Privadas CRUCH;PONTIFICIA UNIVERSIDAD CATOLICA DE VALPARAISO
582637;2;200001;20 a 24 años;Universidades Estatales CRUCH;UNIVERSIDAD DE CHILE
833565;1;200112;20 a 24 años;Universidades Estatales CRUCH;UNIVERSIDAD DE O'HIGGINS
103594;1;198612;35 a 39 años;Universidades Privadas;UNIVERSIDAD AUTONOMA DE CHILE
353137;1;199612;25 a 29 años;Universidades Privadas;UNIVERSIDAD ACADEMIA DE HUMANISMO CRISTIANO
349645;2;199609;25 a 29 años;Universidades Privadas CRUCH;UNIVERSIDAD CATOLICA DE TEMUCO
986603;2;200305;15 a 19 años;Universidades Privadas;UNIVERSIDAD FINIS TERRAE
689117;2;200007;20 a 24 años;Universidades Privadas;UNIVERSIDAD SAN SEBASTIAN
798208;2;200108;20 a 24 años;Universidades Estatales CRUCH;UNIVERSIDAD ARTURO PRAT
135651;1;198904;30 a 34 años;Universidades Privadas;UNIVERSIDAD CATOLICA CARDENAL RAUL SILVA HENRIQUEZ
382802;2;199802;20 a 24 años;Universidades Privadas CRUCH;UNIVERSIDAD CATOLICA DE LA SANTISIMA CONCEPCION
786158;2;200111;20 a 24 años;Universidades Privadas CRUCH;UNIVERSIDAD DE LOS ANDES
277590;2;199505;25 a 29 años;Universidades Privadas;UNIVERSIDAD DE LAS AMERICAS
561419;2;199905;20 a 24 años;Universidades Estatales CRUCH;UNIVERSIDAD ARTURO PRAT
421953;2;199804;20 a 24 años;Universidades Privadas CRUCH;UNIVERSIDAD CATOLICA DE LA SANTISIMA CONCEPCION
857505;2;200203;20 a 24 años;Universidades Privadas CRUCH;UNIVERSIDAD CATOLICA DE TEMUCO
978060;2;200304;15 a 19 años;Universidades Privadas;UNIVERSIDAD AUTONOMA DE CHILE
1671;1;196905;40 y m√°s años;Universidades Privadas;UNIVERSIDAD CATOLICA CARDENAL RAUL SILVA HENRIQUEZ
322909;2;199511;25 a 29 años;Universidades Privadas CRUCH;UNIVERSIDAD AUSTRAL DE CHILE
366598;2;199708;20 a 24 años;Universidades Privadas;UNIVERSIDAD AUTONOMA DE CHILE
852927;2;200203;20 a 24 años;Universidades Privadas;UNIVERSIDAD CATOLICA CARDENAL RAUL SILVA HENRIQUEZ
390244;2;199801;20 a 24 años;Universidades Privadas;UNIVERSIDAD CATOLICA CARDENAL RAUL SILVA HENRIQUEZ
189920;1;199208;25 a 29 años;Universidades Privadas CRUCH;PONTIFICIA UNIVERSIDAD CATOLICA DE VALPARAISO
1066036;2;200308;15 a 19 años;Universidades Privadas CRUCH;UNIVERSIDAD CATOLICA DE TEMUCO
694826;2;200105;20 a 24 años;Universidades Privadas;UNIVERSIDAD AUTONOMA DE CHILE
774796;2;200107;20 a 24 años;Universidades Privadas CRUCH;UNIVERSIDAD CATOLICA DEL NORTE
760963;2;200105;20 a 24 años;Universidades Estatales CRUCH;UNIVERSIDAD DE O'HIGGINS
808461;2;200112;20 a 24 años;Universidades Privadas CRUCH;UNIVERSIDAD AUSTRAL DE CHILE
531025;2;199907;20 a 24 años;Universidades Privadas;UNIVERSIDAD AUTONOMA DE CHILE
1069986;2;199603;25 a 29 años;Universidades Estatales CRUCH;UNIVERSIDAD DE TARAPACA
298450;1;199512;25 a 29 años;Universidades Privadas CRUCH;UNIVERSIDAD AUSTRAL DE CHILE
500487;2;199910;20 a 24 años;Universidades Privadas CRUCH;PONTIFICIA UNIVERSIDAD CATOLICA DE VALPARAISO
387756;2;199701;25 a 29 años;Universidades Privadas;UNIVERSIDAD AUTONOMA DE CHILE
274306;2;199508;25 a 29 años;Universidades Privadas CRUCH;UNIVERSIDAD AUSTRAL DE CHILE
950599;2;200301;15 a 19 años;Universidades Privadas;UNIVERSIDAD CATOLICA CARDENAL RAUL SILVA HENRIQUEZ
621727;1;200007;20 a 24 años;Universidades Privadas;UNIVERSIDAD ACADEMIA DE HUMANISMO CRISTIANO
824844;2;200109;20 a 24 años;Universidades Privadas;UNIVERSIDAD AUTONOMA DE CHILE
353020;1;199610;25 a 29 años;Universidades Privadas CRUCH;UNIVERSIDAD AUSTRAL DE CHILE
51153;2;198006;40 y m√°s años;Universidades Estatales CRUCH;UNIVERSIDAD DE CHILE
844539;2;200201;20 a 24 años;Universidades Privadas;UNIVERSIDAD AUTONOMA DE CHILE
320371;1;199606;25 a 29 años;Universidades Estatales CRUCH;UNIVERSIDAD DE TARAPACA
696903;2;200105;20 a 24 años;Universidades Privadas CRUCH;UNIVERSIDAD CATOLICA DE LA SANTISIMA CONCEPCION
514690;2;199907;20 a 24 años;Universidades Estatales CRUCH;UNIVERSIDAD DE ANTOFAGASTA
705559;2;200103;20 a 24 años;Universidades Privadas;UNIVERSIDAD SAN SEBASTIAN
1126174;1;199606;25 a 29 años;Universidades Privadas;UNIVERSIDAD DE LAS AMERICAS
114744;2;198705;35 a 39 años;Universidades Privadas;UNIVERSIDAD CATOLICA CARDENAL RAUL SILVA HENRIQUEZ
536087;1;199905;20 a 24 años;Universidades Estatales CRUCH;UNIVERSIDAD DE PLAYA ANCHA DE CIENCIAS DE LA EDUCACION
610008;2;199910;20 a 24 años;Universidades Privadas;UNIVERSIDAD AUTONOMA DE CHILE
276740;2;199510;25 a 29 años;Universidades Estatales CRUCH;UNIVERSIDAD DE PLAYA ANCHA DE CIENCIAS DE LA EDUCACION
352174;1;199701;25 a 29 años;Universidades Privadas;UNIVERSIDAD AUTONOMA DE CHILE
592582;2;200009;20 a 24 años;Universidades Privadas;UNIVERSIDAD SAN SEBASTIAN
577823;2;199909;20 a 24 años;Universidades Privadas CRUCH;UNIVERSIDAD DE LOS ANDES
527149;2;199909;20 a 24 años;Universidades Privadas;UNIVERSIDAD ACADEMIA DE HUMANISMO CRISTIANO
665127;2;200112;20 a 24 años;Universidades Privadas CRUCH;UNIVERSIDAD AUSTRAL DE CHILE
124794;2;198801;30 a 34 años;Universidades Privadas;UNIVERSIDAD AUTONOMA DE CHILE
992360;2;200306;15 a 19 años;Universidades Estatales CRUCH;UNIVERSIDAD DE O'HIGGINS
232926;2;199402;25 a 29 años;Universidades Privadas;UNIVERSIDAD AUTONOMA DE CHILE
79410;1;198107;40 y m√°s años;Universidades Privadas;UNIVERSIDAD DE LAS AMERICAS
268799;2;199511;25 a 29 años;Universidades Privadas;UNIVERSIDAD CATOLICA CARDENAL RAUL SILVA HENRIQUEZ
148836;1;198908;30 a 34 años;Universidades Privadas;UNIVERSIDAD AUTONOMA DE CHILE
888135;2;200301;15 a 19 años;Universidades Privadas;UNIVERSIDAD FINIS TERRAE
65673;1;198009;40 y m√°s años;Universidades Privadas;UNIVERSIDAD DE LAS AMERICAS
892774;2;200207;15 a 19 años;Universidades Privadas CRUCH;PONTIFICIA UNIVERSIDAD CATOLICA DE VALPARAISO
418280;2;199804;20 a 24 años;Universidades Privadas CRUCH;UNIVERSIDAD CATOLICA DE TEMUCO
318763;2;199603;25 a 29 años;Universidades Privadas;UNIVERSIDAD AUTONOMA DE CHILE
386610;2;199705;25 a 29 años;Universidades Estatales CRUCH;UNIVERSIDAD DE ANTOFAGASTA
531972;2;199902;20 a 24 años;Universidades Estatales CRUCH;UNIVERSIDAD DE PLAYA ANCHA DE CIENCIAS DE LA EDUCACION
573939;2;199910;20 a 24 años;Universidades Privadas CRUCH;UNIVERSIDAD AUSTRAL DE CHILE
479985;2;199905;20 a 24 años;Universidades Privadas CRUCH;UNIVERSIDAD DE LOS ANDES
434767;2;199806;20 a 24 años;Universidades Privadas;UNIVERSIDAD AUTONOMA DE CHILE
411910;2;199709;20 a 24 años;Universidades Privadas;UNIVERSIDAD SAN SEBASTIAN
580674;2;200002;20 a 24 años;Universidades Privadas;UNIVERSIDAD AUTONOMA DE CHILE
85806;2;198411;35 a 39 años;Universidades Privadas;UNIVERSIDAD DE LAS AMERICAS
71001;2;198212;35 a 39 años;Universidades Privadas;UNIVERSIDAD DE LAS AMERICAS
1109413;1;199002;30 a 34 años;Universidades Privadas;UNIVERSIDAD AUTONOMA DE CHILE
869444;2;200203;20 a 24 años;Universidades Privadas CRUCH;PONTIFICIA UNIVERSIDAD CATOLICA DE VALPARAISO
246027;1;199501;25 a 29 años;Universidades Privadas CRUCH;PONTIFICIA UNIVERSIDAD CATOLICA DE VALPARAISO
752242;1;200102;20 a 24 años;Universidades Estatales CRUCH;UNIVERSIDAD DE PLAYA ANCHA DE CIENCIAS DE LA EDUCACION
680473;2;200011;20 a 24 años;Universidades Privadas CRUCH;PONTIFICIA UNIVERSIDAD CATOLICA DE VALPARAISO
1135508;1;199702;25 a 29 años;Universidades Privadas;UNIVERSIDAD CATOLICA CARDENAL RAUL SILVA HENRIQUEZ
173028;2;199008;30 a 34 años;Universidades Privadas;UNIVERSIDAD DE LAS AMERICAS
808426;2;200111;20 a 24 años;Universidades Privadas CRUCH;UNIVERSIDAD AUSTRAL DE CHILE
468492;2;199807;20 a 24 años;Universidades Privadas CRUCH;UNIVERSIDAD DE LOS ANDES
740742;2;200110;20 a 24 años;Universidades Privadas CRUCH;UNIVERSIDAD CATOLICA DE LA SANTISIMA CONCEPCION
894681;2;200206;20 a 24 años;Universidades Estatales CRUCH;UNIVERSIDAD ARTURO PRAT
567973;1;200003;20 a 24 años;Universidades Privadas CRUCH;UNIVERSIDAD CATOLICA DEL NORTE
12486;2;197201;40 y m√°s años;Universidades Privadas;UNIVERSIDAD FINIS TERRAE
239064;2;199401;25 a 29 años;Universidades Privadas;UNIVERSIDAD AUTONOMA DE CHILE
574998;1;200001;20 a 24 años;Universidades Privadas;UNIVERSIDAD AUTONOMA DE CHILE
1010772;1;200308;15 a 19 años;Universidades Privadas CRUCH;PONTIFICIA UNIVERSIDAD CATOLICA DE VALPARAISO
953830;2;200301;15 a 19 años;Universidades Privadas;UNIVERSIDAD CATOLICA CARDENAL RAUL SILVA HENRIQUEZ
732004;2;200105;20 a 24 años;Universidades Privadas CRUCH;UNIVERSIDAD DE LOS ANDES
752687;2;200103;20 a 24 años;Universidades Privadas CRUCH;PONTIFICIA UNIVERSIDAD CATOLICA DE VALPARAISO
670387;2;200006;20 a 24 años;Universidades Estatales CRUCH;UNIVERSIDAD ARTURO PRAT
985290;2;200305;15 a 19 años;Universidades Privadas CRUCH;UNIVERSIDAD CATOLICA DE LA SANTISIMA CONCEPCION
588977;2;200004;20 a 24 años;Universidades Privadas;UNIVERSIDAD AUTONOMA DE CHILE
680216;2;200008;20 a 24 años;Universidades Privadas;UNIVERSIDAD AUTONOMA DE CHILE
342367;2;199707;20 a 24 años;Universidades Privadas CRUCH;UNIVERSIDAD CATOLICA DE TEMUCO
996549;2;200307;15 a 19 años;Universidades Privadas;UNIVERSIDAD SAN SEBASTIAN
492368;2;199811;20 a 24 años;Universidades Privadas CRUCH;UNIVERSIDAD AUSTRAL DE CHILE
169845;2;199012;30 a 34 años;Universidades Privadas;UNIVERSIDAD AUTONOMA DE CHILE
895491;1;200207;15 a 19 años;Universidades Estatales CRUCH;UNIVERSIDAD DE CHILE
936948;1;200211;15 a 19 años;Universidades Estatales CRUCH;UNIVERSIDAD DE MAGALLANES
546472;2;199907;20 a 24 años;Universidades Estatales CRUCH;UNIVERSIDAD DE ANTOFAGASTA
715339;2;200009;20 a 24 años;Universidades Privadas CRUCH;UNIVERSIDAD CATOLICA DE TEMUCO
493880;2;199811;20 a 24 años;Universidades Privadas;UNIVERSIDAD AUTONOMA DE CHILE
870341;1;200204;20 a 24 años;Universidades Estatales CRUCH;UNIVERSIDAD DE TARAPACA
386754;1;199706;25 a 29 años;Universidades Estatales CRUCH;UNIVERSIDAD DE ANTOFAGASTA
433135;2;199712;20 a 24 años;Universidades Privadas CRUCH;UNIVERSIDAD AUSTRAL DE CHILE
1001117;2;200307;15 a 19 años;Universidades Privadas CRUCH;UNIVERSIDAD DE LOS ANDES
550133;2;199906;20 a 24 años;Universidades Estatales CRUCH;UNIVERSIDAD DE O'HIGGINS
301689;2;199510;25 a 29 años;Universidades Privadas CRUCH;UNIVERSIDAD CATOLICA DE TEMUCO
694992;2;200011;20 a 24 años;Universidades Privadas CRUCH;UNIVERSIDAD AUSTRAL DE CHILE
512512;2;199902;20 a 24 años;Universidades Privadas;UNIVERSIDAD CATOLICA CARDENAL RAUL SILVA HENRIQUEZ
868330;1;200204;20 a 24 años;Universidades Privadas;UNIVERSIDAD CATOLICA CARDENAL RAUL SILVA HENRIQUEZ
31794;2;197905;40 y m√°s años;Universidades Privadas;UNIVERSIDAD DE LAS AMERICAS
642517;2;200005;20 a 24 años;Universidades Estatales CRUCH;UNIVERSIDAD DE O'HIGGINS
103421;2;198601;35 a 39 años;Universidades Privadas;UNIVERSIDAD DE LAS AMERICAS
390906;2;199905;20 a 24 años;Universidades Estatales CRUCH;UNIVERSIDAD DE CHILE
241924;1;199311;25 a 29 años;Universidades Estatales CRUCH;UNIVERSIDAD DE TARAPACA
1039663;2;200401;15 a 19 años;Universidades Privadas CRUCH;PONTIFICIA UNIVERSIDAD CATOLICA DE VALPARAISO
713526;2;200011;20 a 24 años;Universidades Privadas CRUCH;UNIVERSIDAD AUSTRAL DE CHILE
855002;2;200203;20 a 24 años;Universidades Estatales CRUCH;UNIVERSIDAD DE O'HIGGINS
835487;2;200112;20 a 24 años;Universidades Privadas;UNIVERSIDAD AUTONOMA DE CHILE
1046217;2;200402;15 a 19 años;Universidades Privadas CRUCH;PONTIFICIA UNIVERSIDAD CATOLICA DE VALPARAISO
811203;1;200208;15 a 19 años;Universidades Privadas CRUCH;PONTIFICIA UNIVERSIDAD CATOLICA DE VALPARAISO
687881;2;200110;20 a 24 años;Universidades Estatales CRUCH;UNIVERSIDAD DE ANTOFAGASTA
946864;2;200212;15 a 19 años;Universidades Privadas CRUCH;PONTIFICIA UNIVERSIDAD CATOLICA DE VALPARAISO
163360;2;199004;30 a 34 años;Universidades Privadas CRUCH;UNIVERSIDAD DE LOS ANDES
743303;2;200103;20 a 24 años;Universidades Estatales CRUCH;UNIVERSIDAD DE CHILE
467214;2;199907;20 a 24 años;Universidades Privadas CRUCH;UNIVERSIDAD CATOLICA DE TEMUCO
456346;2;199806;20 a 24 años;Universidades Privadas CRUCH;UNIVERSIDAD AUSTRAL DE CHILE
425316;2;199807;20 a 24 años;Universidades Privadas;UNIVERSIDAD ACADEMIA DE HUMANISMO CRISTIANO
610569;1;200002;20 a 24 años;Universidades Privadas CRUCH;UNIVERSIDAD CATOLICA DE TEMUCO
678267;2;200105;20 a 24 años;Universidades Privadas CRUCH;UNIVERSIDAD AUSTRAL DE CHILE
153984;2;199003;30 a 34 años;Universidades Estatales CRUCH;UNIVERSIDAD DE TARAPACA
524952;2;199901;20 a 24 años;Universidades Privadas CRUCH;UNIVERSIDAD AUSTRAL DE CHILE
1119831;2;199411;25 a 29 años;Universidades Privadas;UNIVERSIDAD DE LAS AMERICAS
260639;2;199408;25 a 29 años;Universidades Privadas CRUCH;UNIVERSIDAD AUSTRAL DE CHILE
163522;2;199010;30 a 34 años;Universidades Privadas;UNIVERSIDAD CATOLICA CARDENAL RAUL SILVA HENRIQUEZ
780771;2;200107;20 a 24 años;Universidades Privadas CRUCH;UNIVERSIDAD CATOLICA DEL NORTE
805594;2;200109;20 a 24 años;Universidades Estatales CRUCH;UNIVERSIDAD DE CHILE
449944;2;198103;40 y m√°s años;Universidades Privadas;UNIVERSIDAD AUTONOMA DE CHILE
343963;2;199612;25 a 29 años;Universidades Estatales CRUCH;UNIVERSIDAD DE PLAYA ANCHA DE CIENCIAS DE LA EDUCACION
265342;2;199503;25 a 29 años;Universidades Estatales CRUCH;UNIVERSIDAD ARTURO PRAT
323291;2;199612;25 a 29 años;Universidades Privadas CRUCH;UNIVERSIDAD AUSTRAL DE CHILE
535504;2;199903;20 a 24 años;Universidades Estatales CRUCH;UNIVERSIDAD DE PLAYA ANCHA DE CIENCIAS DE LA EDUCACION
992407;1;200306;15 a 19 años;Universidades Privadas;UNIVERSIDAD AUTONOMA DE CHILE
229102;2;199309;25 a 29 años;Universidades Privadas;UNIVERSIDAD SAN SEBASTIAN
729667;1;200107;20 a 24 años;Universidades Estatales CRUCH;UNIVERSIDAD DE O'HIGGINS
580284;2;199909;20 a 24 años;Universidades Privadas;UNIVERSIDAD CATOLICA CARDENAL RAUL SILVA HENRIQUEZ
216018;1;199306;25 a 29 años;Universidades Privadas CRUCH;UNIVERSIDAD CATOLICA DE LA SANTISIMA CONCEPCION
181595;2;199101;30 a 34 años;Universidades Privadas;UNIVERSIDAD DE LAS AMERICAS
866028;2;200204;20 a 24 años;Universidades Privadas CRUCH;UNIVERSIDAD AUSTRAL DE CHILE
547840;2;199912;20 a 24 años;Universidades Estatales CRUCH;UNIVERSIDAD DE O'HIGGINS
518856;2;199903;20 a 24 años;Universidades Estatales CRUCH;UNIVERSIDAD DE PLAYA ANCHA DE CIENCIAS DE LA EDUCACION
500996;2;199811;20 a 24 años;Universidades Privadas CRUCH;UNIVERSIDAD CATOLICA DE LA SANTISIMA CONCEPCION
980172;2;200304;15 a 19 años;Universidades Estatales CRUCH;UNIVERSIDAD ARTURO PRAT
577149;2;199908;20 a 24 años;Universidades Privadas CRUCH;UNIVERSIDAD DE LOS ANDES
156708;2;198910;30 a 34 años;Universidades Estatales CRUCH;UNIVERSIDAD DE PLAYA ANCHA DE CIENCIAS DE LA EDUCACION
789484;2;200202;20 a 24 años;Universidades Estatales CRUCH;UNIVERSIDAD DE CHILE
1099555;2;198301;35 a 39 años;Universidades Privadas;UNIVERSIDAD DE LAS AMERICAS
969066;2;200303;15 a 19 años;Universidades Privadas;UNIVERSIDAD AUTONOMA DE CHILE
731989;2;200105;20 a 24 años;Universidades Privadas CRUCH;UNIVERSIDAD DE LOS ANDES
343547;2;199609;25 a 29 años;Universidades Privadas CRUCH;PONTIFICIA UNIVERSIDAD CATOLICA DE VALPARAISO
588354;1;199910;20 a 24 años;Universidades Privadas;UNIVERSIDAD AUTONOMA DE CHILE
549117;2;200002;20 a 24 años;Universidades Estatales CRUCH;UNIVERSIDAD DE TARAPACA
508974;2;199906;20 a 24 años;Universidades Privadas;UNIVERSIDAD AUTONOMA DE CHILE
658491;2;200011;20 a 24 años;Universidades Privadas CRUCH;UNIVERSIDAD DE LOS ANDES
190777;2;199209;25 a 29 años;Universidades Privadas;UNIVERSIDAD DE LAS AMERICAS
822340;2;200111;20 a 24 años;Universidades Estatales CRUCH;UNIVERSIDAD DE O'HIGGINS
407128;2;199708;20 a 24 años;Universidades Estatales CRUCH;UNIVERSIDAD DE CHILE
754029;2;200102;20 a 24 años;Universidades Estatales CRUCH;UNIVERSIDAD DE TARAPACA
889977;2;200206;20 a 24 años;Universidades Privadas;UNIVERSIDAD CATOLICA CARDENAL RAUL SILVA HENRIQUEZ
471455;2;199807;20 a 24 años;Universidades Privadas;UNIVERSIDAD CATOLICA CARDENAL RAUL SILVA HENRIQUEZ
365189;2;199704;25 a 29 años;Universidades Estatales CRUCH;UNIVERSIDAD DE PLAYA ANCHA DE CIENCIAS DE LA EDUCACION
441489;1;199805;20 a 24 años;Universidades Privadas;UNIVERSIDAD AUTONOMA DE CHILE
586233;2;200003;20 a 24 años;Universidades Estatales CRUCH;UNIVERSIDAD DE CHILE
670806;2;200007;20 a 24 años;Universidades Estatales CRUCH;UNIVERSIDAD ARTURO PRAT
747347;2;200109;20 a 24 años;Universidades Privadas CRUCH;UNIVERSIDAD CATOLICA DE TEMUCO
869894;2;200205;20 a 24 años;Universidades Estatales CRUCH;UNIVERSIDAD DE ANTOFAGASTA
1191588;1;200402;15 a 19 años;Universidades Privadas;UNIVERSIDAD DE LAS AMERICAS
918981;2;200209;15 a 19 años;Universidades Estatales CRUCH;UNIVERSIDAD DE PLAYA ANCHA DE CIENCIAS DE LA EDUCACION
512866;1;199902;20 a 24 años;Universidades Privadas CRUCH;UNIVERSIDAD CATOLICA DE TEMUCO
416744;2;199806;20 a 24 años;Universidades Privadas CRUCH;UNIVERSIDAD CATOLICA DE LA SANTISIMA CONCEPCION
1150300;2;200007;20 a 24 años;Universidades Estatales CRUCH;UNIVERSIDAD DE O'HIGGINS
533172;2;199912;20 a 24 años;Universidades Privadas CRUCH;PONTIFICIA UNIVERSIDAD CATOLICA DE VALPARAISO
147257;1;199003;30 a 34 años;Universidades Privadas CRUCH;PONTIFICIA UNIVERSIDAD CATOLICA DE VALPARAISO
391134;2;199708;20 a 24 años;Universidades Estatales CRUCH;UNIVERSIDAD DE ANTOFAGASTA
814605;2;200110;20 a 24 años;Universidades Privadas;UNIVERSIDAD AUTONOMA DE CHILE
488662;2;199811;20 a 24 años;Universidades Privadas;UNIVERSIDAD DE LAS AMERICAS
613157;1;200009;20 a 24 años;Universidades Estatales CRUCH;UNIVERSIDAD DE O'HIGGINS
623571;1;200007;20 a 24 años;Universidades Privadas CRUCH;UNIVERSIDAD CATOLICA DE TEMUCO
355940;2;199703;25 a 29 años;Universidades Privadas;UNIVERSIDAD DE LAS AMERICAS
682071;2;200010;20 a 24 años;Universidades Privadas;UNIVERSIDAD DE LAS AMERICAS
193161;2;199202;30 a 34 años;Universidades Privadas;UNIVERSIDAD DE LAS AMERICAS
355188;2;199802;20 a 24 años;Universidades Privadas;UNIVERSIDAD AUTONOMA DE CHILE
832254;2;200112;20 a 24 años;Universidades Estatales CRUCH;UNIVERSIDAD ARTURO PRAT
33958;2;197905;40 y m√°s años;Universidades Privadas;UNIVERSIDAD DE LAS AMERICAS
437753;2;199805;20 a 24 años;Universidades Privadas CRUCH;UNIVERSIDAD DE LOS ANDES
99745;2;198604;35 a 39 años;Universidades Privadas CRUCH;PONTIFICIA UNIVERSIDAD CATOLICA DE VALPARAISO
615872;2;200006;20 a 24 años;Universidades Privadas CRUCH;UNIVERSIDAD CATOLICA DE LA SANTISIMA CONCEPCION
1164195;2;200204;20 a 24 años;Universidades Privadas CRUCH;UNIVERSIDAD CATOLICA DE LA SANTISIMA CONCEPCION
709897;1;200012;20 a 24 años;Universidades Privadas;UNIVERSIDAD DE LAS AMERICAS
611360;2;200008;20 a 24 años;Universidades Privadas;UNIVERSIDAD AUTONOMA DE CHILE
611281;2;200008;20 a 24 años;Universidades Privadas CRUCH;UNIVERSIDAD CATOLICA DE TEMUCO
124282;2;198710;30 a 34 años;Universidades Estatales CRUCH;UNIVERSIDAD DE O'HIGGINS
954876;2;200301;15 a 19 años;Universidades Estatales CRUCH;UNIVERSIDAD DE CHILE
187117;2;199204;30 a 34 años;Universidades Estatales CRUCH;UNIVERSIDAD DE PLAYA ANCHA DE CIENCIAS DE LA EDUCACION
847629;2;200202;20 a 24 años;Universidades Privadas CRUCH;UNIVERSIDAD CATOLICA DEL NORTE
491816;2;199902;20 a 24 años;Universidades Privadas;UNIVERSIDAD CATOLICA CARDENAL RAUL SILVA HENRIQUEZ
637610;2;200008;20 a 24 años;Universidades Privadas CRUCH;UNIVERSIDAD AUSTRAL DE CHILE
542761;2;199910;20 a 24 años;Universidades Estatales CRUCH;UNIVERSIDAD DE CHILE
751246;2;200109;20 a 24 años;Universidades Privadas;UNIVERSIDAD CATOLICA CARDENAL RAUL SILVA HENRIQUEZ
337623;1;199712;20 a 24 años;Universidades Privadas;UNIVERSIDAD AUTONOMA DE CHILE
689744;2;200012;20 a 24 años;Universidades Estatales CRUCH;UNIVERSIDAD DE CHILE
681498;2;200007;20 a 24 años;Universidades Privadas;UNIVERSIDAD CATOLICA CARDENAL RAUL SILVA HENRIQUEZ
626573;2;200106;20 a 24 años;Universidades Privadas;UNIVERSIDAD AUTONOMA DE CHILE
772238;2;200106;20 a 24 años;Universidades Estatales CRUCH;UNIVERSIDAD ARTURO PRAT
917852;2;200209;15 a 19 años;Universidades Privadas CRUCH;UNIVERSIDAD CATOLICA DE LA SANTISIMA CONCEPCION
844694;2;200201;20 a 24 años;Universidades Privadas CRUCH;PONTIFICIA UNIVERSIDAD CATOLICA DE VALPARAISO
68142;1;198210;35 a 39 años;Universidades Privadas CRUCH;PONTIFICIA UNIVERSIDAD CATOLICA DE VALPARAISO
564584;2;199907;20 a 24 años;Universidades Privadas CRUCH;UNIVERSIDAD CATOLICA DE LA SANTISIMA CONCEPCION
667650;2;200012;20 a 24 años;Universidades Privadas;UNIVERSIDAD AUTONOMA DE CHILE
86562;2;198410;35 a 39 años;Universidades Privadas;UNIVERSIDAD CATOLICA CARDENAL RAUL SILVA HENRIQUEZ
400209;2;199712;20 a 24 años;Universidades Privadas;UNIVERSIDAD AUTONOMA DE CHILE
643726;2;200005;20 a 24 años;Universidades Privadas CRUCH;UNIVERSIDAD DE LOS ANDES
219176;2;199311;25 a 29 años;Universidades Estatales CRUCH;UNIVERSIDAD DE O'HIGGINS
288338;1;199510;25 a 29 años;Universidades Estatales CRUCH;UNIVERSIDAD DE CHILE
226421;2;199304;25 a 29 años;Universidades Estatales CRUCH;UNIVERSIDAD DE PLAYA ANCHA DE CIENCIAS DE LA EDUCACION
1044601;2;200402;15 a 19 años;Universidades Privadas CRUCH;UNIVERSIDAD CATOLICA DE LA SANTISIMA CONCEPCION
297411;2;199509;25 a 29 años;Universidades Privadas;UNIVERSIDAD AUTONOMA DE CHILE
316568;1;199603;25 a 29 años;Universidades Privadas CRUCH;UNIVERSIDAD CATOLICA DE LA SANTISIMA CONCEPCION
821753;2;200110;20 a 24 años;Universidades Estatales CRUCH;UNIVERSIDAD DE O'HIGGINS
1202956;2;199807;20 a 24 años;Universidades Privadas CRUCH;PONTIFICIA UNIVERSIDAD CATOLICA DE VALPARAISO
191384;2;199203;30 a 34 años;Universidades Privadas;UNIVERSIDAD CATOLICA CARDENAL RAUL SILVA HENRIQUEZ
911416;2;200212;15 a 19 años;Universidades Privadas;UNIVERSIDAD AUTONOMA DE CHILE
998779;2;200307;15 a 19 años;Universidades Privadas CRUCH;PONTIFICIA UNIVERSIDAD CATOLICA DE VALPARAISO
955729;2;200301;15 a 19 años;Universidades Estatales CRUCH;UNIVERSIDAD DE CHILE
548714;2;199911;20 a 24 años;Universidades Estatales CRUCH;UNIVERSIDAD DE TARAPACA
794678;2;200108;20 a 24 años;Universidades Estatales CRUCH;UNIVERSIDAD DE O'HIGGINS
177968;2;200101;20 a 24 años;Universidades Privadas;UNIVERSIDAD AUTONOMA DE CHILE
709645;1;200106;20 a 24 años;Universidades Privadas CRUCH;UNIVERSIDAD CATOLICA DE LA SANTISIMA CONCEPCION
669791;2;200008;20 a 24 años;Universidades Privadas CRUCH;PONTIFICIA UNIVERSIDAD CATOLICA DE VALPARAISO
741387;2;200104;20 a 24 años;Universidades Privadas;UNIVERSIDAD AUTONOMA DE CHILE
797998;2;200108;20 a 24 años;Universidades Estatales CRUCH;UNIVERSIDAD DE CHILE
174918;1;199010;30 a 34 años;Universidades Estatales CRUCH;UNIVERSIDAD DE TARAPACA
433152;2;199804;20 a 24 años;Universidades Privadas CRUCH;UNIVERSIDAD AUSTRAL DE CHILE
241219;2;199406;25 a 29 años;Universidades Estatales CRUCH;UNIVERSIDAD DE O'HIGGINS
344825;1;199703;25 a 29 años;Universidades Estatales CRUCH;UNIVERSIDAD DE TARAPACA
433700;1;199811;20 a 24 años;Universidades Estatales CRUCH;UNIVERSIDAD DE O'HIGGINS
792609;2;200011;20 a 24 años;Universidades Privadas CRUCH;UNIVERSIDAD AUSTRAL DE CHILE
918113;2;200209;15 a 19 años;Universidades Privadas CRUCH;UNIVERSIDAD DE LOS ANDES
348183;2;199707;20 a 24 años;Universidades Privadas CRUCH;UNIVERSIDAD CATOLICA DE LA SANTISIMA CONCEPCION
1167951;1;199909;20 a 24 años;Universidades Privadas CRUCH;UNIVERSIDAD CATOLICA DEL NORTE
1003078;2;200307;15 a 19 años;Universidades Privadas CRUCH;UNIVERSIDAD CATOLICA DE LA SANTISIMA CONCEPCION
1007400;2;200308;15 a 19 años;Universidades Privadas CRUCH;UNIVERSIDAD CATOLICA DEL NORTE
48029;1;197402;40 y m√°s años;Universidades Privadas CRUCH;UNIVERSIDAD CATOLICA DE LA SANTISIMA CONCEPCION
702226;2;200009;20 a 24 años;Universidades Estatales CRUCH;UNIVERSIDAD DE O'HIGGINS
889603;2;200206;20 a 24 años;Universidades Estatales CRUCH;UNIVERSIDAD DE CHILE
1034516;1;200312;15 a 19 años;Universidades Estatales CRUCH;UNIVERSIDAD DE LOS LAGOS
157339;2;199007;30 a 34 años;Universidades Privadas;UNIVERSIDAD FINIS TERRAE
1107510;1;198809;30 a 34 años;Universidades Privadas;UNIVERSIDAD DE LAS AMERICAS
578001;2;199910;20 a 24 años;Universidades Privadas CRUCH;UNIVERSIDAD DE LOS ANDES
21962;2;197606;40 y m√°s años;Universidades Privadas;UNIVERSIDAD FINIS TERRAE
391153;2;199705;25 a 29 años;Universidades Estatales CRUCH;UNIVERSIDAD DE ANTOFAGASTA
30848;2;197712;40 y m√°s años;Universidades Privadas;UNIVERSIDAD AUTONOMA DE CHILE
993486;2;200212;15 a 19 años;Universidades Privadas;UNIVERSIDAD CATOLICA CARDENAL RAUL SILVA HENRIQUEZ
546845;2;199908;20 a 24 años;Universidades Estatales CRUCH;UNIVERSIDAD DE ANTOFAGASTA
927828;2;200210;15 a 19 años;Universidades Privadas CRUCH;UNIVERSIDAD CATOLICA DE TEMUCO
590589;2;200002;20 a 24 años;Universidades Privadas;UNIVERSIDAD DE LAS AMERICAS
1004569;2;200307;15 a 19 años;Universidades Estatales CRUCH;UNIVERSIDAD DE O'HIGGINS
158192;2;199006;30 a 34 años;Universidades Estatales CRUCH;UNIVERSIDAD DE O'HIGGINS
553797;2;199912;20 a 24 años;Universidades Privadas;UNIVERSIDAD AUTONOMA DE CHILE
264135;2;199410;25 a 29 años;Universidades Estatales CRUCH;UNIVERSIDAD DE PLAYA ANCHA DE CIENCIAS DE LA EDUCACION
658618;1;200005;20 a 24 años;Universidades Privadas CRUCH;UNIVERSIDAD CATOLICA DE TEMUCO
876701;1;200205;20 a 24 años;Universidades Estatales CRUCH;UNIVERSIDAD DE MAGALLANES
624439;2;200003;20 a 24 años;Universidades Privadas CRUCH;UNIVERSIDAD CATOLICA DEL NORTE
654211;1;200005;20 a 24 años;Universidades Estatales CRUCH;UNIVERSIDAD DE CHILE
771977;2;200105;20 a 24 años;Universidades Privadas CRUCH;UNIVERSIDAD AUSTRAL DE CHILE
146601;1;198806;30 a 34 años;Universidades Privadas CRUCH;UNIVERSIDAD CATOLICA DE TEMUCO
352531;2;199708;20 a 24 años;Universidades Privadas;UNIVERSIDAD DE LAS AMERICAS
1095966;2;197907;40 y m√°s años;Universidades Privadas;UNIVERSIDAD FINIS TERRAE
1010909;2;200309;15 a 19 años;Universidades Privadas CRUCH;PONTIFICIA UNIVERSIDAD CATOLICA DE VALPARAISO
546841;2;199910;20 a 24 años;Universidades Estatales CRUCH;UNIVERSIDAD DE ANTOFAGASTA
836018;2;200112;20 a 24 años;Universidades Privadas;UNIVERSIDAD CATOLICA CARDENAL RAUL SILVA HENRIQUEZ
5196;2;196709;40 y m√°s años;Universidades Privadas;UNIVERSIDAD DE LAS AMERICAS
594375;2;200002;20 a 24 años;Universidades Estatales CRUCH;UNIVERSIDAD DE PLAYA ANCHA DE CIENCIAS DE LA EDUCACION
203627;2;199301;25 a 29 años;Universidades Estatales CRUCH;UNIVERSIDAD DE PLAYA ANCHA DE CIENCIAS DE LA EDUCACION
83900;1;198411;35 a 39 años;Universidades Privadas;UNIVERSIDAD DE LAS AMERICAS
1056770;2;200404;15 a 19 años;Universidades Privadas;UNIVERSIDAD AUTONOMA DE CHILE
567734;2;200001;20 a 24 años;Universidades Privadas CRUCH;UNIVERSIDAD CATOLICA DEL NORTE
722247;1;200104;20 a 24 años;Universidades Privadas;UNIVERSIDAD AUTONOMA DE CHILE
384315;2;199709;20 a 24 años;Universidades Estatales CRUCH;UNIVERSIDAD DE CHILE
709722;2;200010;20 a 24 años;Universidades Privadas;UNIVERSIDAD AUTONOMA DE CHILE
5002;2;197810;40 y m√°s años;Universidades Estatales CRUCH;UNIVERSIDAD DE MAGALLANES
912488;1;200306;15 a 19 años;Universidades Estatales CRUCH;UNIVERSIDAD DE PLAYA ANCHA DE CIENCIAS DE LA EDUCACION
445374;1;199809;20 a 24 años;Universidades Estatales CRUCH;UNIVERSIDAD DE CHILE
686483;1;200008;20 a 24 años;Universidades Estatales CRUCH;UNIVERSIDAD DE ANTOFAGASTA
821728;2;200111;20 a 24 años;Universidades Estatales CRUCH;UNIVERSIDAD DE O'HIGGINS
1121287;2;199408;25 a 29 años;Universidades Privadas;UNIVERSIDAD DE LAS AMERICAS
836846;2;200201;20 a 24 años;Universidades Privadas CRUCH;UNIVERSIDAD CATOLICA DE TEMUCO
594696;2;199909;20 a 24 años;Universidades Privadas CRUCH;UNIVERSIDAD CATOLICA DE LA SANTISIMA CONCEPCION
1074580;2;200306;15 a 19 años;Universidades Privadas;UNIVERSIDAD AUTONOMA DE CHILE
787722;2;200203;20 a 24 años;Universidades Privadas CRUCH;UNIVERSIDAD DE LOS ANDES
622052;2;200010;20 a 24 años;Universidades Privadas;UNIVERSIDAD AUTONOMA DE CHILE
270603;1;199502;25 a 29 años;Universidades Estatales CRUCH;UNIVERSIDAD DE PLAYA ANCHA DE CIENCIAS DE LA EDUCACION
14222;2;197212;40 y m√°s años;Universidades Privadas;UNIVERSIDAD DE LAS AMERICAS
538517;2;199907;20 a 24 años;Universidades Privadas;UNIVERSIDAD AUTONOMA DE CHILE
400370;2;199706;25 a 29 años;Universidades Privadas;UNIVERSIDAD CATOLICA CARDENAL RAUL SILVA HENRIQUEZ
420083;2;199710;20 a 24 años;Universidades Privadas;UNIVERSIDAD DE LAS AMERICAS
855885;1;200203;20 a 24 años;Universidades Estatales CRUCH;UNIVERSIDAD DE LOS LAGOS
648766;2;200101;20 a 24 años;Universidades Privadas;UNIVERSIDAD AUTONOMA DE CHILE
235761;2;199405;25 a 29 años;Universidades Estatales CRUCH;UNIVERSIDAD DE O'HIGGINS
304828;2;199604;25 a 29 años;Universidades Estatales CRUCH;UNIVERSIDAD DE MAGALLANES
107640;1;198705;35 a 39 años;Universidades Privadas CRUCH;UNIVERSIDAD AUSTRAL DE CHILE
365975;1;199704;25 a 29 años;Universidades Privadas;UNIVERSIDAD DE LAS AMERICAS
858026;1;200203;20 a 24 años;Universidades Privadas;UNIVERSIDAD AUTONOMA DE CHILE
473808;2;199811;20 a 24 años;Universidades Estatales CRUCH;UNIVERSIDAD DE CHILE
177378;2;199106;30 a 34 años;Universidades Privadas;UNIVERSIDAD FINIS TERRAE
704204;2;200010;20 a 24 años;Universidades Privadas;UNIVERSIDAD CATOLICA CARDENAL RAUL SILVA HENRIQUEZ
612435;2;200005;20 a 24 años;Universidades Estatales CRUCH;UNIVERSIDAD DE O'HIGGINS
186962;1;199107;30 a 34 años;Universidades Privadas CRUCH;UNIVERSIDAD CATOLICA DEL NORTE
446575;2;199803;20 a 24 años;Universidades Privadas;UNIVERSIDAD AUTONOMA DE CHILE
512351;2;199901;20 a 24 años;Universidades Privadas;UNIVERSIDAD FINIS TERRAE
181505;2;199102;30 a 34 años;Universidades Privadas;UNIVERSIDAD DE LAS AMERICAS
531904;2;200005;20 a 24 años;Universidades Privadas CRUCH;UNIVERSIDAD DE LOS ANDES
1164732;2;200105;20 a 24 años;Universidades Estatales CRUCH;UNIVERSIDAD ARTURO PRAT
933409;1;200211;15 a 19 años;Universidades Privadas;UNIVERSIDAD AUTONOMA DE CHILE
320104;2;199702;25 a 29 años;Universidades Privadas;UNIVERSIDAD AUTONOMA DE CHILE
518204;2;199911;20 a 24 años;Universidades Privadas;UNIVERSIDAD AUTONOMA DE CHILE
610874;2;200003;20 a 24 años;Universidades Privadas CRUCH;UNIVERSIDAD CATOLICA DE TEMUCO
537612;2;200010;20 a 24 años;Universidades Privadas;UNIVERSIDAD AUTONOMA DE CHILE
918143;2;200209;15 a 19 años;Universidades Privadas;UNIVERSIDAD FINIS TERRAE
588114;2;199908;20 a 24 años;Universidades Privadas;UNIVERSIDAD AUTONOMA DE CHILE
790903;2;200109;20 a 24 años;Universidades Privadas CRUCH;UNIVERSIDAD CATOLICA DE TEMUCO
388770;2;199707;20 a 24 años;Universidades Privadas;UNIVERSIDAD ACADEMIA DE HUMANISMO CRISTIANO
1016123;2;200309;15 a 19 años;Universidades Estatales CRUCH;UNIVERSIDAD DE LOS LAGOS
1128784;2;199501;25 a 29 años;Universidades Privadas;UNIVERSIDAD DE LAS AMERICAS
365224;2;199406;25 a 29 años;Universidades Privadas CRUCH;UNIVERSIDAD CATOLICA DE LA SANTISIMA CONCEPCION
510173;1;199904;20 a 24 años;Universidades Privadas;UNIVERSIDAD CATOLICA CARDENAL RAUL SILVA HENRIQUEZ
612265;2;200004;20 a 24 años;Universidades Estatales CRUCH;UNIVERSIDAD DE O'HIGGINS
474194;2;199904;20 a 24 años;Universidades Privadas CRUCH;UNIVERSIDAD DE LOS ANDES
1018881;2;200310;15 a 19 años;Universidades Privadas CRUCH;PONTIFICIA UNIVERSIDAD CATOLICA DE VALPARAISO
518896;2;199905;20 a 24 años;Universidades Privadas;UNIVERSIDAD DE LAS AMERICAS
521509;2;199907;20 a 24 años;Universidades Privadas CRUCH;UNIVERSIDAD CATOLICA DE LA SANTISIMA CONCEPCION
256174;2;199407;25 a 29 años;Universidades Estatales CRUCH;UNIVERSIDAD DE ANTOFAGASTA
1017336;2;200310;15 a 19 años;Universidades Privadas CRUCH;UNIVERSIDAD AUSTRAL DE CHILE
175219;2;199110;30 a 34 años;Universidades Privadas;UNIVERSIDAD BOLIVARIANA
416922;2;199712;20 a 24 años;Universidades Privadas CRUCH;UNIVERSIDAD AUSTRAL DE CHILE
888473;2;200304;15 a 19 años;Universidades Privadas;UNIVERSIDAD CATOLICA CARDENAL RAUL SILVA HENRIQUEZ
847204;2;200105;20 a 24 años;Universidades Privadas;UNIVERSIDAD AUTONOMA DE CHILE
233365;2;199605;25 a 29 años;Universidades Estatales CRUCH;UNIVERSIDAD ARTURO PRAT
1173690;2;200203;20 a 24 años;Universidades Privadas CRUCH;UNIVERSIDAD CATOLICA DE LA SANTISIMA CONCEPCION
917814;2;200209;15 a 19 años;Universidades Privadas CRUCH;PONTIFICIA UNIVERSIDAD CATOLICA DE VALPARAISO
744653;2;200101;20 a 24 años;Universidades Privadas;UNIVERSIDAD AUTONOMA DE CHILE
561149;2;199904;20 a 24 años;Universidades Estatales CRUCH;UNIVERSIDAD DE TARAPACA
225856;2;199307;25 a 29 años;Universidades Privadas CRUCH;UNIVERSIDAD CATOLICA DE LA SANTISIMA CONCEPCION
302926;2;199602;25 a 29 años;Universidades Privadas CRUCH;PONTIFICIA UNIVERSIDAD CATOLICA DE VALPARAISO
676501;2;200011;20 a 24 años;Universidades Privadas;UNIVERSIDAD AUTONOMA DE CHILE
611496;2;199911;20 a 24 años;Universidades Estatales CRUCH;UNIVERSIDAD DE O'HIGGINS
531728;2;200003;20 a 24 años;Universidades Privadas;UNIVERSIDAD AUTONOMA DE CHILE
1040154;2;200401;15 a 19 años;Universidades Privadas CRUCH;UNIVERSIDAD CATOLICA DE LA SANTISIMA CONCEPCION
205341;2;199302;25 a 29 años;Universidades Privadas CRUCH;UNIVERSIDAD DE LOS ANDES
536663;2;199907;20 a 24 años;Universidades Privadas CRUCH;PONTIFICIA UNIVERSIDAD CATOLICA DE VALPARAISO
486455;2;199904;20 a 24 años;Universidades Privadas;UNIVERSIDAD DE LAS AMERICAS
801809;2;200109;20 a 24 años;Universidades Privadas CRUCH;UNIVERSIDAD DE LOS ANDES
160683;2;198911;30 a 34 años;Universidades Privadas;UNIVERSIDAD SAN SEBASTIAN
591099;2;199909;20 a 24 años;Universidades Privadas CRUCH;UNIVERSIDAD AUSTRAL DE CHILE
966796;2;200302;15 a 19 años;Universidades Estatales CRUCH;UNIVERSIDAD DE MAGALLANES
671278;2;200011;20 a 24 años;Universidades Estatales CRUCH;UNIVERSIDAD ARTURO PRAT
634941;2;200012;20 a 24 años;Universidades Privadas CRUCH;UNIVERSIDAD CATOLICA DE TEMUCO
537882;2;199903;20 a 24 años;Universidades Privadas;UNIVERSIDAD SAN SEBASTIAN
789468;2;200202;20 a 24 años;Universidades Privadas;UNIVERSIDAD DE LAS AMERICAS
536742;2;199907;20 a 24 años;Universidades Estatales CRUCH;UNIVERSIDAD DE PLAYA ANCHA DE CIENCIAS DE LA EDUCACION
630816;2;200006;20 a 24 años;Universidades Privadas;UNIVERSIDAD AUTONOMA DE CHILE
433456;2;199806;20 a 24 años;Universidades Privadas;UNIVERSIDAD AUTONOMA DE CHILE
746732;2;200102;20 a 24 años;Universidades Privadas CRUCH;UNIVERSIDAD CATOLICA DE TEMUCO
117864;2;198711;30 a 34 años;Universidades Privadas;UNIVERSIDAD DE LAS AMERICAS
252535;1;199508;25 a 29 años;Universidades Estatales CRUCH;UNIVERSIDAD DE PLAYA ANCHA DE CIENCIAS DE LA EDUCACION
920996;2;200209;15 a 19 años;Universidades Privadas CRUCH;UNIVERSIDAD AUSTRAL DE CHILE
217940;2;199307;25 a 29 años;Universidades Privadas CRUCH;UNIVERSIDAD CATOLICA DE LA SANTISIMA CONCEPCION
975049;2;200303;15 a 19 años;Universidades Privadas CRUCH;UNIVERSIDAD AUSTRAL DE CHILE
51176;2;198007;40 y m√°s años;Universidades Privadas;UNIVERSIDAD DE LAS AMERICAS
19370;2;197506;40 y m√°s años;Universidades Privadas;UNIVERSIDAD ACADEMIA DE HUMANISMO CRISTIANO
767786;2;200202;20 a 24 años;Universidades Privadas CRUCH;UNIVERSIDAD CATOLICA DE TEMUCO
605562;2;200001;20 a 24 años;Universidades Privadas CRUCH;UNIVERSIDAD CATOLICA DE TEMUCO
612692;2;200005;20 a 24 años;Universidades Estatales CRUCH;UNIVERSIDAD DE O'HIGGINS
910795;2;200211;15 a 19 años;Universidades Privadas CRUCH;PONTIFICIA UNIVERSIDAD CATOLICA DE VALPARAISO
299189;2;199608;25 a 29 años;Universidades Estatales CRUCH;UNIVERSIDAD DE O'HIGGINS
538864;2;199911;20 a 24 años;Universidades Privadas;UNIVERSIDAD AUTONOMA DE CHILE
719832;2;200011;20 a 24 años;Universidades Privadas CRUCH;UNIVERSIDAD DE LOS ANDES
740059;2;200104;20 a 24 años;Universidades Privadas;UNIVERSIDAD AUTONOMA DE CHILE
592729;2;199910;20 a 24 años;Universidades Estatales CRUCH;UNIVERSIDAD DE O'HIGGINS
792755;2;200107;20 a 24 años;Universidades Privadas CRUCH;UNIVERSIDAD CATOLICA DE TEMUCO
185129;1;199202;30 a 34 años;Universidades Estatales CRUCH;UNIVERSIDAD DE PLAYA ANCHA DE CIENCIAS DE LA EDUCACION
636063;2;200004;20 a 24 años;Universidades Privadas CRUCH;UNIVERSIDAD DE LOS ANDES
798363;2;200108;20 a 24 años;Universidades Privadas;UNIVERSIDAD CATOLICA CARDENAL RAUL SILVA HENRIQUEZ
992976;2;200305;15 a 19 años;Universidades Privadas CRUCH;UNIVERSIDAD CATOLICA DE LA SANTISIMA CONCEPCION
370039;2;199711;20 a 24 años;Universidades Privadas CRUCH;PONTIFICIA UNIVERSIDAD CATOLICA DE VALPARAISO
563422;1;200101;20 a 24 años;Universidades Estatales CRUCH;UNIVERSIDAD DE MAGALLANES
892359;2;200206;20 a 24 años;Universidades Estatales CRUCH;UNIVERSIDAD DE TARAPACA
244111;2;199405;25 a 29 años;Universidades Privadas;UNIVERSIDAD DE LAS AMERICAS
463038;2;199905;20 a 24 años;Universidades Privadas CRUCH;PONTIFICIA UNIVERSIDAD CATOLICA DE VALPARAISO
627726;2;200005;20 a 24 años;Universidades Privadas CRUCH;PONTIFICIA UNIVERSIDAD CATOLICA DE VALPARAISO
767526;2;200201;20 a 24 años;Universidades Privadas CRUCH;PONTIFICIA UNIVERSIDAD CATOLICA DE VALPARAISO
927034;2;200210;15 a 19 años;Universidades Privadas CRUCH;PONTIFICIA UNIVERSIDAD CATOLICA DE VALPARAISO
588124;2;199907;20 a 24 años;Universidades Privadas;UNIVERSIDAD AUTONOMA DE CHILE
642594;2;200006;20 a 24 años;Universidades Estatales CRUCH;UNIVERSIDAD DE O'HIGGINS
395252;2;199707;20 a 24 años;Universidades Privadas;UNIVERSIDAD AUTONOMA DE CHILE
805161;2;200111;20 a 24 años;Universidades Privadas CRUCH;PONTIFICIA UNIVERSIDAD CATOLICA DE VALPARAISO
908011;2;200208;15 a 19 años;Universidades Privadas CRUCH;UNIVERSIDAD CATOLICA DEL NORTE
982312;2;200304;15 a 19 años;Universidades Privadas;UNIVERSIDAD CATOLICA CARDENAL RAUL SILVA HENRIQUEZ
102538;2;198705;35 a 39 años;Universidades Privadas CRUCH;PONTIFICIA UNIVERSIDAD CATOLICA DE VALPARAISO
40527;1;198005;40 y m√°s años;Universidades Privadas;UNIVERSIDAD DE LAS AMERICAS
817410;2;200108;20 a 24 años;Universidades Privadas CRUCH;UNIVERSIDAD DE LOS ANDES
728100;2;200202;20 a 24 años;Universidades Estatales CRUCH;UNIVERSIDAD DE O'HIGGINS
1055968;1;200403;15 a 19 años;Universidades Privadas CRUCH;UNIVERSIDAD CATOLICA DE TEMUCO
1101674;1;198411;35 a 39 años;Universidades Privadas;UNIVERSIDAD DE LAS AMERICAS
179628;2;199111;30 a 34 años;Universidades Privadas;UNIVERSIDAD DE LAS AMERICAS
934500;2;200308;15 a 19 años;Universidades Privadas CRUCH;UNIVERSIDAD CATOLICA DE LA SANTISIMA CONCEPCION
292456;2;200011;20 a 24 años;Universidades Privadas;UNIVERSIDAD CATOLICA CARDENAL RAUL SILVA HENRIQUEZ
282565;2;199509;25 a 29 años;Universidades Privadas;UNIVERSIDAD AUTONOMA DE CHILE
821533;2;200110;20 a 24 años;Universidades Privadas CRUCH;PONTIFICIA UNIVERSIDAD CATOLICA DE VALPARAISO
768105;1;200104;20 a 24 años;Universidades Privadas CRUCH;PONTIFICIA UNIVERSIDAD CATOLICA DE VALPARAISO
135708;2;198903;30 a 34 años;Universidades Estatales CRUCH;UNIVERSIDAD DE ANTOFAGASTA
283500;1;199506;25 a 29 años;Universidades Estatales CRUCH;UNIVERSIDAD DE ANTOFAGASTA
919411;1;200209;15 a 19 años;Universidades Estatales CRUCH;UNIVERSIDAD ARTURO PRAT
914433;2;200209;15 a 19 años;Universidades Privadas CRUCH;PONTIFICIA UNIVERSIDAD CATOLICA DE VALPARAISO
189603;1;199206;30 a 34 años;Universidades Estatales CRUCH;UNIVERSIDAD DE PLAYA ANCHA DE CIENCIAS DE LA EDUCACION
507452;2;199909;20 a 24 años;Universidades Privadas CRUCH;UNIVERSIDAD CATOLICA DE TEMUCO
270254;2;199502;25 a 29 años;Universidades Privadas;UNIVERSIDAD SAN SEBASTIAN
320423;2;199605;25 a 29 años;Universidades Estatales CRUCH;UNIVERSIDAD DE TARAPACA
189037;2;199204;30 a 34 años;Universidades Privadas;UNIVERSIDAD DE LAS AMERICAS
270852;1;199509;25 a 29 años;Universidades Privadas;UNIVERSIDAD AUTONOMA DE CHILE
611787;1;200001;20 a 24 años;Universidades Estatales CRUCH;UNIVERSIDAD DE PLAYA ANCHA DE CIENCIAS DE LA EDUCACION
1020434;2;200310;15 a 19 años;Universidades Privadas;UNIVERSIDAD FINIS TERRAE
264345;2;199503;25 a 29 años;Universidades Privadas;UNIVERSIDAD DE LAS AMERICAS
257817;2;199410;25 a 29 años;Universidades Privadas CRUCH;UNIVERSIDAD CATOLICA DE TEMUCO
182312;1;199109;30 a 34 años;Universidades Privadas;UNIVERSIDAD AUTONOMA DE CHILE
913839;2;200209;15 a 19 años;Universidades Privadas;UNIVERSIDAD AUTONOMA DE CHILE
753894;2;200103;20 a 24 años;Universidades Estatales CRUCH;UNIVERSIDAD ARTURO PRAT
666322;2;200103;20 a 24 años;Universidades Privadas CRUCH;UNIVERSIDAD CATOLICA DE LA SANTISIMA CONCEPCION
178204;1;199103;30 a 34 años;Universidades Privadas;UNIVERSIDAD CATOLICA CARDENAL RAUL SILVA HENRIQUEZ
801039;2;200205;20 a 24 años;Universidades Estatales CRUCH;UNIVERSIDAD DE CHILE
701337;2;200108;20 a 24 años;Universidades Privadas CRUCH;UNIVERSIDAD AUSTRAL DE CHILE
517467;2;199908;20 a 24 años;Universidades Privadas;UNIVERSIDAD SAN SEBASTIAN
429718;2;199808;20 a 24 años;Universidades Privadas CRUCH;UNIVERSIDAD AUSTRAL DE CHILE
507600;2;199902;20 a 24 años;Universidades Privadas CRUCH;UNIVERSIDAD DE LOS ANDES
784410;2;200107;20 a 24 años;Universidades Privadas CRUCH;UNIVERSIDAD DE LOS ANDES
600257;2;199912;20 a 24 años;Universidades Privadas CRUCH;UNIVERSIDAD CATOLICA DE LA SANTISIMA CONCEPCION
493121;2;199812;20 a 24 años;Universidades Estatales CRUCH;UNIVERSIDAD DE PLAYA ANCHA DE CIENCIAS DE LA EDUCACION
47281;2;198104;40 y m√°s años;Universidades Privadas;UNIVERSIDAD CATOLICA CARDENAL RAUL SILVA HENRIQUEZ
708752;2;200102;20 a 24 años;Universidades Privadas CRUCH;UNIVERSIDAD CATOLICA DE LA SANTISIMA CONCEPCION
409150;2;199708;20 a 24 años;Universidades Estatales CRUCH;UNIVERSIDAD DE PLAYA ANCHA DE CIENCIAS DE LA EDUCACION
318272;2;199605;25 a 29 años;Universidades Privadas;UNIVERSIDAD CATOLICA CARDENAL RAUL SILVA HENRIQUEZ
523916;2;199909;20 a 24 años;Universidades Privadas CRUCH;UNIVERSIDAD CATOLICA DE LA SANTISIMA CONCEPCION
437429;2;199804;20 a 24 años;Universidades Privadas;UNIVERSIDAD AUTONOMA DE CHILE
33161;1;197909;40 y m√°s años;Universidades Privadas;UNIVERSIDAD CATOLICA CARDENAL RAUL SILVA HENRIQUEZ
803331;2;200109;20 a 24 años;Universidades Estatales CRUCH;UNIVERSIDAD DE O'HIGGINS
988128;1;200305;15 a 19 años;Universidades Privadas;UNIVERSIDAD AUTONOMA DE CHILE
59468;2;198211;35 a 39 años;Universidades Estatales CRUCH;UNIVERSIDAD DE O'HIGGINS
357255;2;199702;25 a 29 años;Universidades Privadas;UNIVERSIDAD SAN SEBASTIAN
542099;2;199907;20 a 24 años;Universidades Privadas CRUCH;UNIVERSIDAD AUSTRAL DE CHILE
600583;2;198811;30 a 34 años;Universidades Privadas CRUCH;UNIVERSIDAD AUSTRAL DE CHILE
772081;2;200106;20 a 24 años;Universidades Privadas CRUCH;UNIVERSIDAD CATOLICA DE LA SANTISIMA CONCEPCION
205254;1;199301;25 a 29 años;Universidades Estatales CRUCH;UNIVERSIDAD ARTURO PRAT
990970;2;200306;15 a 19 años;Universidades Privadas;UNIVERSIDAD AUTONOMA DE CHILE
588296;2;199909;20 a 24 años;Universidades Privadas;UNIVERSIDAD AUTONOMA DE CHILE
409149;2;199708;20 a 24 años;Universidades Privadas CRUCH;PONTIFICIA UNIVERSIDAD CATOLICA DE VALPARAISO
425585;2;199809;20 a 24 años;Universidades Privadas;UNIVERSIDAD AUTONOMA DE CHILE
827347;2;200112;20 a 24 años;Universidades Estatales CRUCH;UNIVERSIDAD DE O'HIGGINS
421468;2;199807;20 a 24 años;Universidades Privadas;UNIVERSIDAD CATOLICA CARDENAL RAUL SILVA HENRIQUEZ
1125447;2;199610;25 a 29 años;Universidades Privadas;UNIVERSIDAD DE LAS AMERICAS
532231;1;199904;20 a 24 años;Universidades Estatales CRUCH;UNIVERSIDAD DE PLAYA ANCHA DE CIENCIAS DE LA EDUCACION
809230;2;200109;20 a 24 años;Universidades Privadas CRUCH;UNIVERSIDAD AUSTRAL DE CHILE
493768;2;199809;20 a 24 años;Universidades Privadas;UNIVERSIDAD AUTONOMA DE CHILE
165678;2;198706;35 a 39 años;Universidades Privadas CRUCH;UNIVERSIDAD CATOLICA DE TEMUCO
617498;2;200004;20 a 24 años;Universidades Estatales CRUCH;UNIVERSIDAD DE CHILE
473662;2;199807;20 a 24 años;Universidades Privadas;UNIVERSIDAD AUTONOMA DE CHILE
568124;2;200005;20 a 24 años;Universidades Privadas CRUCH;UNIVERSIDAD CATOLICA DEL NORTE
961675;2;200302;15 a 19 años;Universidades Privadas CRUCH;UNIVERSIDAD CATOLICA DE LA SANTISIMA CONCEPCION
773117;2;200106;20 a 24 años;Universidades Privadas CRUCH;PONTIFICIA UNIVERSIDAD CATOLICA DE VALPARAISO
607317;2;199912;20 a 24 años;Universidades Privadas CRUCH;PONTIFICIA UNIVERSIDAD CATOLICA DE VALPARAISO
924242;1;200210;15 a 19 años;Universidades Estatales CRUCH;UNIVERSIDAD DE LOS LAGOS
481253;2;199812;20 a 24 años;Universidades Estatales CRUCH;UNIVERSIDAD DE O'HIGGINS
28021;2;197803;40 y m√°s años;Universidades Privadas;UNIVERSIDAD AUTONOMA DE CHILE
386079;2;199711;20 a 24 años;Universidades Privadas;UNIVERSIDAD SAN SEBASTIAN
699656;2;200103;20 a 24 años;Universidades Privadas;UNIVERSIDAD AUTONOMA DE CHILE
532691;2;199908;20 a 24 años;Universidades Privadas CRUCH;PONTIFICIA UNIVERSIDAD CATOLICA DE VALPARAISO
1210768;2;196107;40 y m√°s años;Universidades Estatales CRUCH;UNIVERSIDAD DE PLAYA ANCHA DE CIENCIAS DE LA EDUCACION
845930;2;200201;20 a 24 años;Universidades Estatales CRUCH;UNIVERSIDAD DE CHILE
247574;1;199401;25 a 29 años;Universidades Privadas;UNIVERSIDAD SAN SEBASTIAN
482173;2;199908;20 a 24 años;Universidades Privadas;UNIVERSIDAD CATOLICA CARDENAL RAUL SILVA HENRIQUEZ
780485;2;200202;20 a 24 años;Universidades Privadas CRUCH;PONTIFICIA UNIVERSIDAD CATOLICA DE VALPARAISO
281976;1;199509;25 a 29 años;Universidades Privadas CRUCH;UNIVERSIDAD CATOLICA DE LA SANTISIMA CONCEPCION
913005;2;200211;15 a 19 años;Universidades Privadas CRUCH;UNIVERSIDAD DE LOS ANDES
613170;2;200009;20 a 24 años;Universidades Estatales CRUCH;UNIVERSIDAD DE O'HIGGINS
592106;2;200002;20 a 24 años;Universidades Privadas CRUCH;UNIVERSIDAD CATOLICA DE TEMUCO
1146039;1;199904;20 a 24 años;Universidades Privadas;UNIVERSIDAD DE LAS AMERICAS
780609;2;200204;20 a 24 años;Universidades Privadas CRUCH;UNIVERSIDAD DE LOS ANDES
521105;2;199912;20 a 24 años;Universidades Estatales CRUCH;UNIVERSIDAD DE CHILE
345870;2;199609;25 a 29 años;Universidades Privadas;UNIVERSIDAD DE LAS AMERICAS
567737;2;199910;20 a 24 años;Universidades Estatales CRUCH;UNIVERSIDAD DE ANTOFAGASTA
73959;2;198302;35 a 39 años;Universidades Estatales CRUCH;UNIVERSIDAD DE O'HIGGINS
1170142;2;200111;20 a 24 años;Universidades Estatales CRUCH;UNIVERSIDAD ARTURO PRAT
521615;1;199910;20 a 24 años;Universidades Privadas CRUCH;UNIVERSIDAD CATOLICA DE LA SANTISIMA CONCEPCION
211062;2;199302;25 a 29 años;Universidades Privadas;UNIVERSIDAD DE LAS AMERICAS
651362;2;200006;20 a 24 años;Universidades Privadas;UNIVERSIDAD AUTONOMA DE CHILE
334559;2;199704;25 a 29 años;Universidades Estatales CRUCH;UNIVERSIDAD DE TARAPACA
751322;2;200110;20 a 24 años;Universidades Privadas;UNIVERSIDAD DE LAS AMERICAS
1188650;2;200309;15 a 19 años;Universidades Estatales CRUCH;UNIVERSIDAD DE MAGALLANES
603166;2;199911;20 a 24 años;Universidades Privadas;UNIVERSIDAD AUTONOMA DE CHILE
178739;2;199102;30 a 34 años;Universidades Privadas;UNIVERSIDAD CATOLICA CARDENAL RAUL SILVA HENRIQUEZ
635313;2;200003;20 a 24 años;Universidades Privadas CRUCH;UNIVERSIDAD DE LOS ANDES
382439;2;199712;20 a 24 años;Universidades Privadas CRUCH;UNIVERSIDAD CATOLICA DE TEMUCO
727244;2;200101;20 a 24 años;Universidades Privadas CRUCH;PONTIFICIA UNIVERSIDAD CATOLICA DE VALPARAISO
670156;2;200005;20 a 24 años;Universidades Estatales CRUCH;UNIVERSIDAD ARTURO PRAT
474708;1;199807;20 a 24 años;Universidades Estatales CRUCH;UNIVERSIDAD DE PLAYA ANCHA DE CIENCIAS DE LA EDUCACION
651987;2;200103;20 a 24 años;Universidades Estatales CRUCH;UNIVERSIDAD DE O'HIGGINS
210167;2;199301;25 a 29 años;Universidades Privadas;UNIVERSIDAD DE LAS AMERICAS
728747;2;200102;20 a 24 años;Universidades Estatales CRUCH;UNIVERSIDAD DE O'HIGGINS
185570;2;199111;30 a 34 años;Universidades Estatales CRUCH;UNIVERSIDAD DE PLAYA ANCHA DE CIENCIAS DE LA EDUCACION
135427;2;198809;30 a 34 años;Universidades Privadas;UNIVERSIDAD CATOLICA CARDENAL RAUL SILVA HENRIQUEZ
578585;2;199911;20 a 24 años;Universidades Privadas CRUCH;UNIVERSIDAD DE LOS ANDES
412808;2;199805;20 a 24 años;Universidades Privadas;UNIVERSIDAD AUTONOMA DE CHILE
113124;1;198705;35 a 39 años;Universidades Privadas;UNIVERSIDAD AUTONOMA DE CHILE
201928;2;199308;25 a 29 años;Universidades Privadas CRUCH;UNIVERSIDAD AUSTRAL DE CHILE
1027800;2;200311;15 a 19 años;Universidades Privadas CRUCH;UNIVERSIDAD CATOLICA DE LA SANTISIMA CONCEPCION
1051829;2;200112;20 a 24 años;Universidades Privadas CRUCH;UNIVERSIDAD DE LOS ANDES
566653;2;200002;20 a 24 años;Universidades Privadas CRUCH;UNIVERSIDAD CATOLICA DE LA SANTISIMA CONCEPCION
509954;2;200010;20 a 24 años;Universidades Privadas CRUCH;UNIVERSIDAD CATOLICA DE TEMUCO
490099;2;199901;20 a 24 años;Universidades Estatales CRUCH;UNIVERSIDAD DE PLAYA ANCHA DE CIENCIAS DE LA EDUCACION
1145941;2;200004;20 a 24 años;Universidades Privadas CRUCH;UNIVERSIDAD CATOLICA DE LA SANTISIMA CONCEPCION
868531;2;200204;20 a 24 años;Universidades Privadas CRUCH;UNIVERSIDAD CATOLICA DEL NORTE
315701;2;199610;25 a 29 años;Universidades Estatales CRUCH;UNIVERSIDAD DE PLAYA ANCHA DE CIENCIAS DE LA EDUCACION
94434;2;198509;35 a 39 años;Universidades Privadas;UNIVERSIDAD DE LAS AMERICAS
960307;2;200302;15 a 19 años;Universidades Privadas;UNIVERSIDAD FINIS TERRAE
95313;2;198506;35 a 39 años;Universidades Privadas;UNIVERSIDAD DE LAS AMERICAS
1112863;2;199109;30 a 34 años;Universidades Privadas;UNIVERSIDAD DE LAS AMERICAS
591001;2;199906;20 a 24 años;Universidades Privadas CRUCH;UNIVERSIDAD AUSTRAL DE CHILE
457672;2;199808;20 a 24 años;Universidades Privadas CRUCH;UNIVERSIDAD DE LOS ANDES
431704;2;199807;20 a 24 años;Universidades Estatales CRUCH;UNIVERSIDAD DE TARAPACA
1020037;2;200310;15 a 19 años;Universidades Estatales CRUCH;UNIVERSIDAD ARTURO PRAT
403213;2;199806;20 a 24 años;Universidades Privadas;UNIVERSIDAD AUTONOMA DE CHILE
494102;2;199901;20 a 24 años;Universidades Privadas;UNIVERSIDAD AUTONOMA DE CHILE
602802;1;200010;20 a 24 años;Universidades Estatales CRUCH;UNIVERSIDAD ARTURO PRAT
38921;2;198002;40 y m√°s años;Universidades Estatales CRUCH;UNIVERSIDAD DE PLAYA ANCHA DE CIENCIAS DE LA EDUCACION
618308;2;200006;20 a 24 años;Universidades Privadas CRUCH;PONTIFICIA UNIVERSIDAD CATOLICA DE VALPARAISO
121054;2;198804;30 a 34 años;Universidades Estatales CRUCH;UNIVERSIDAD DE PLAYA ANCHA DE CIENCIAS DE LA EDUCACION
775078;2;200106;20 a 24 años;Universidades Privadas CRUCH;UNIVERSIDAD CATOLICA DE TEMUCO
1058783;1;199412;25 a 29 años;Universidades Privadas CRUCH;UNIVERSIDAD AUSTRAL DE CHILE
841911;2;200201;20 a 24 años;Universidades Privadas CRUCH;PONTIFICIA UNIVERSIDAD CATOLICA DE VALPARAISO
346662;2;199707;20 a 24 años;Universidades Privadas CRUCH;UNIVERSIDAD AUSTRAL DE CHILE
90862;2;198603;35 a 39 años;Universidades Privadas;UNIVERSIDAD DE LAS AMERICAS
273847;2;199505;25 a 29 años;Universidades Privadas;UNIVERSIDAD CATOLICA CARDENAL RAUL SILVA HENRIQUEZ
410541;2;199803;20 a 24 años;Universidades Privadas;UNIVERSIDAD DE LAS AMERICAS
741437;2;200106;20 a 24 años;Universidades Privadas CRUCH;PONTIFICIA UNIVERSIDAD CATOLICA DE VALPARAISO
1021836;2;200310;15 a 19 años;Universidades Estatales CRUCH;UNIVERSIDAD DE TARAPACA
1050212;2;200403;15 a 19 años;Universidades Privadas CRUCH;UNIVERSIDAD AUSTRAL DE CHILE
770384;2;200105;20 a 24 años;Universidades Estatales CRUCH;UNIVERSIDAD ARTURO PRAT
848209;2;200201;20 a 24 años;Universidades Privadas;UNIVERSIDAD AUTONOMA DE CHILE
52674;2;197502;40 y m√°s años;Universidades Privadas;UNIVERSIDAD CATOLICA CARDENAL RAUL SILVA HENRIQUEZ
1177246;2;200207;15 a 19 años;Universidades Privadas CRUCH;UNIVERSIDAD CATOLICA DE LA SANTISIMA CONCEPCION
843782;2;200201;20 a 24 años;Universidades Estatales CRUCH;UNIVERSIDAD DE O'HIGGINS
105191;2;198612;35 a 39 años;Universidades Estatales CRUCH;UNIVERSIDAD DE CHILE
596698;2;200007;20 a 24 años;Universidades Estatales CRUCH;UNIVERSIDAD DE PLAYA ANCHA DE CIENCIAS DE LA EDUCACION
789022;2;200111;20 a 24 años;Universidades Privadas CRUCH;UNIVERSIDAD DE LOS ANDES
931807;2;200211;15 a 19 años;Universidades Estatales CRUCH;UNIVERSIDAD DE LOS LAGOS
184444;2;199203;30 a 34 años;Universidades Privadas;UNIVERSIDAD CATOLICA CARDENAL RAUL SILVA HENRIQUEZ
616014;2;200012;20 a 24 años;Universidades Privadas CRUCH;UNIVERSIDAD CATOLICA DE LA SANTISIMA CONCEPCION
506802;2;199903;20 a 24 años;Universidades Privadas CRUCH;UNIVERSIDAD CATOLICA DE TEMUCO
445739;2;199901;20 a 24 años;Universidades Privadas;UNIVERSIDAD CATOLICA CARDENAL RAUL SILVA HENRIQUEZ
148127;2;199004;30 a 34 años;Universidades Privadas;UNIVERSIDAD DE LAS AMERICAS
1024799;1;200311;15 a 19 años;Universidades Estatales CRUCH;UNIVERSIDAD DE O'HIGGINS
630726;1;200006;20 a 24 años;Universidades Privadas CRUCH;UNIVERSIDAD CATOLICA DEL NORTE
778110;2;200111;20 a 24 años;Universidades Privadas;UNIVERSIDAD AUTONOMA DE CHILE
430330;2;199711;20 a 24 años;Universidades Estatales CRUCH;UNIVERSIDAD DE PLAYA ANCHA DE CIENCIAS DE LA EDUCACION
741576;2;200108;20 a 24 años;Universidades Privadas;UNIVERSIDAD AUTONOMA DE CHILE
612933;2;200008;20 a 24 años;Universidades Estatales CRUCH;UNIVERSIDAD DE O'HIGGINS
307470;2;199605;25 a 29 años;Universidades Privadas CRUCH;UNIVERSIDAD CATOLICA DE TEMUCO
490467;2;199905;20 a 24 años;Universidades Privadas;UNIVERSIDAD CATOLICA CARDENAL RAUL SILVA HENRIQUEZ
256547;2;199507;25 a 29 años;Universidades Privadas;UNIVERSIDAD CATOLICA CARDENAL RAUL SILVA HENRIQUEZ
784624;2;200107;20 a 24 años;Universidades Privadas CRUCH;UNIVERSIDAD DE LOS ANDES
640442;2;200005;20 a 24 años;Universidades Privadas CRUCH;UNIVERSIDAD CATOLICA DE LA SANTISIMA CONCEPCION
525350;2;199907;20 a 24 años;Universidades Estatales CRUCH;UNIVERSIDAD DE CHILE
366023;2;199708;20 a 24 años;Universidades Estatales CRUCH;UNIVERSIDAD DE O'HIGGINS
883175;2;200206;20 a 24 años;Universidades Privadas CRUCH;UNIVERSIDAD CATOLICA DE TEMUCO
856629;2;200203;20 a 24 años;Universidades Estatales CRUCH;UNIVERSIDAD DE O'HIGGINS
543205;2;199904;20 a 24 años;Universidades Privadas;UNIVERSIDAD SAN SEBASTIAN
324977;2;199609;25 a 29 años;Universidades Estatales CRUCH;UNIVERSIDAD DE O'HIGGINS
237835;2;199405;25 a 29 años;Universidades Privadas CRUCH;UNIVERSIDAD CATOLICA DE LA SANTISIMA CONCEPCION
288760;2;199611;25 a 29 años;Universidades Privadas CRUCH;UNIVERSIDAD AUSTRAL DE CHILE
509325;2;199910;20 a 24 años;Universidades Privadas;UNIVERSIDAD AUTONOMA DE CHILE
841440;1;200201;20 a 24 años;Universidades Estatales CRUCH;UNIVERSIDAD DE O'HIGGINS
608658;2;200006;20 a 24 años;Universidades Privadas CRUCH;UNIVERSIDAD CATOLICA DE LA SANTISIMA CONCEPCION
490006;1;199812;20 a 24 años;Universidades Privadas;UNIVERSIDAD CATOLICA CARDENAL RAUL SILVA HENRIQUEZ
711381;2;200103;20 a 24 años;Universidades Privadas CRUCH;UNIVERSIDAD CATOLICA DE TEMUCO
862344;2;200112;20 a 24 años;Universidades Privadas CRUCH;UNIVERSIDAD DE LOS ANDES
19571;2;197406;40 y m√°s años;Universidades Privadas;UNIVERSIDAD DE LAS AMERICAS
904297;2;200208;15 a 19 años;Universidades Privadas CRUCH;UNIVERSIDAD CATOLICA DEL NORTE
623949;2;200007;20 a 24 años;Universidades Privadas;UNIVERSIDAD AUTONOMA DE CHILE
718945;1;200101;20 a 24 años;Universidades Privadas;UNIVERSIDAD AUTONOMA DE CHILE
706364;2;200102;20 a 24 años;Universidades Privadas CRUCH;PONTIFICIA UNIVERSIDAD CATOLICA DE VALPARAISO
542511;2;199909;20 a 24 años;Universidades Privadas;UNIVERSIDAD CATOLICA CARDENAL RAUL SILVA HENRIQUEZ
1040914;2;200401;15 a 19 años;Universidades Privadas CRUCH;UNIVERSIDAD AUSTRAL DE CHILE
729954;1;200108;20 a 24 años;Universidades Privadas;UNIVERSIDAD AUTONOMA DE CHILE
129747;2;198901;30 a 34 años;Universidades Privadas;UNIVERSIDAD DE LAS AMERICAS
556913;2;199906;20 a 24 años;Universidades Estatales CRUCH;UNIVERSIDAD DE CHILE
772239;2;200106;20 a 24 años;Universidades Privadas CRUCH;PONTIFICIA UNIVERSIDAD CATOLICA DE VALPARAISO
626169;2;200007;20 a 24 años;Universidades Privadas CRUCH;UNIVERSIDAD CATOLICA DE TEMUCO
863186;2;200204;20 a 24 años;Universidades Privadas;UNIVERSIDAD AUTONOMA DE CHILE
254310;2;199405;25 a 29 años;Universidades Estatales CRUCH;UNIVERSIDAD DE PLAYA ANCHA DE CIENCIAS DE LA EDUCACION
68880;2;198203;40 y m√°s años;Universidades Privadas;UNIVERSIDAD DE LAS AMERICAS
290020;2;199509;25 a 29 años;Universidades Estatales CRUCH;UNIVERSIDAD DE TARAPACA
274148;2;199406;25 a 29 años;Universidades Privadas CRUCH;UNIVERSIDAD AUSTRAL DE CHILE
706950;2;200010;20 a 24 años;Universidades Estatales CRUCH;UNIVERSIDAD DE O'HIGGINS
561178;1;199904;20 a 24 años;Universidades Estatales CRUCH;UNIVERSIDAD ARTURO PRAT
721052;2;200103;20 a 24 años;Universidades Privadas CRUCH;UNIVERSIDAD AUSTRAL DE CHILE
690619;2;200106;20 a 24 años;Universidades Privadas CRUCH;UNIVERSIDAD AUSTRAL DE CHILE
1173093;2;200202;20 a 24 años;Universidades Estatales CRUCH;UNIVERSIDAD ARTURO PRAT
540563;2;199910;20 a 24 años;Universidades Privadas CRUCH;UNIVERSIDAD CATOLICA DE LA SANTISIMA CONCEPCION
904067;2;200208;15 a 19 años;Universidades Privadas CRUCH;UNIVERSIDAD CATOLICA DE LA SANTISIMA CONCEPCION
333176;1;199608;25 a 29 años;Universidades Estatales CRUCH;UNIVERSIDAD DE CHILE
562684;1;200002;20 a 24 años;Universidades Estatales CRUCH;UNIVERSIDAD ARTURO PRAT
65093;2;200011;20 a 24 años;Universidades Estatales CRUCH;UNIVERSIDAD DE O'HIGGINS
1050030;1;200403;15 a 19 años;Universidades Privadas CRUCH;UNIVERSIDAD CATOLICA DE TEMUCO
390911;2;199905;20 a 24 años;Universidades Privadas;UNIVERSIDAD AUTONOMA DE CHILE
164158;2;199101;30 a 34 años;Universidades Privadas;UNIVERSIDAD DE LAS AMERICAS
553805;2;199911;20 a 24 años;Universidades Privadas;UNIVERSIDAD AUTONOMA DE CHILE
624450;2;200004;20 a 24 años;Universidades Estatales CRUCH;UNIVERSIDAD DE ANTOFAGASTA
769121;2;200104;20 a 24 años;Universidades Privadas CRUCH;UNIVERSIDAD CATOLICA DE TEMUCO
712967;1;200010;20 a 24 años;Universidades Privadas CRUCH;UNIVERSIDAD CATOLICA DE TEMUCO
577439;2;199908;20 a 24 años;Universidades Privadas CRUCH;UNIVERSIDAD DE LOS ANDES
1027345;2;200311;15 a 19 años;Universidades Privadas;UNIVERSIDAD DE LAS AMERICAS
1103372;2;198608;35 a 39 años;Universidades Privadas;UNIVERSIDAD DE LAS AMERICAS
482838;2;199907;20 a 24 años;Universidades Privadas CRUCH;UNIVERSIDAD AUSTRAL DE CHILE
778403;2;200203;20 a 24 años;Universidades Privadas;UNIVERSIDAD CATOLICA CARDENAL RAUL SILVA HENRIQUEZ
957977;2;200302;15 a 19 años;Universidades Privadas CRUCH;PONTIFICIA UNIVERSIDAD CATOLICA DE VALPARAISO
579886;2;200002;20 a 24 años;Universidades Privadas CRUCH;UNIVERSIDAD DE LOS ANDES
852865;2;200202;20 a 24 años;Universidades Estatales CRUCH;UNIVERSIDAD DE LOS LAGOS
1146790;2;199909;20 a 24 años;Universidades Privadas CRUCH;UNIVERSIDAD CATOLICA DE LA SANTISIMA CONCEPCION
539066;2;200002;20 a 24 años;Universidades Estatales CRUCH;UNIVERSIDAD DE CHILE
897718;1;200207;15 a 19 años;Universidades Privadas;UNIVERSIDAD AUTONOMA DE CHILE
693304;2;200208;15 a 19 años;Universidades Privadas;UNIVERSIDAD AUTONOMA DE CHILE
825038;2;200111;20 a 24 años;Universidades Privadas CRUCH;UNIVERSIDAD CATOLICA DE TEMUCO
752274;2;200102;20 a 24 años;Universidades Privadas CRUCH;UNIVERSIDAD CATOLICA DE TEMUCO
748990;2;200105;20 a 24 años;Universidades Privadas CRUCH;PONTIFICIA UNIVERSIDAD CATOLICA DE VALPARAISO
429106;2;199803;20 a 24 años;Universidades Privadas;UNIVERSIDAD SAN SEBASTIAN
241035;1;199401;25 a 29 años;Universidades Estatales CRUCH;UNIVERSIDAD DE PLAYA ANCHA DE CIENCIAS DE LA EDUCACION
945621;2;200212;15 a 19 años;Universidades Privadas;UNIVERSIDAD AUTONOMA DE CHILE
755331;2;200103;20 a 24 años;Universidades Privadas;UNIVERSIDAD CATOLICA CARDENAL RAUL SILVA HENRIQUEZ
173144;1;199102;30 a 34 años;Universidades Privadas;UNIVERSIDAD CATOLICA CARDENAL RAUL SILVA HENRIQUEZ
446466;2;199805;20 a 24 años;Universidades Estatales CRUCH;UNIVERSIDAD DE O'HIGGINS
1028562;2;200311;15 a 19 años;Universidades Privadas CRUCH;UNIVERSIDAD DE LOS ANDES
678815;2;200012;20 a 24 años;Universidades Estatales CRUCH;UNIVERSIDAD DE ANTOFAGASTA
1134354;1;199807;20 a 24 años;Universidades Privadas CRUCH;UNIVERSIDAD CATOLICA DE LA SANTISIMA CONCEPCION
849662;2;200202;20 a 24 años;Universidades Privadas CRUCH;UNIVERSIDAD DE LOS ANDES
118100;1;198710;30 a 34 años;Universidades Privadas CRUCH;PONTIFICIA UNIVERSIDAD CATOLICA DE VALPARAISO
272650;2;199509;25 a 29 años;Universidades Estatales CRUCH;UNIVERSIDAD DE PLAYA ANCHA DE CIENCIAS DE LA EDUCACION
753368;2;200103;20 a 24 años;Universidades Privadas CRUCH;UNIVERSIDAD AUSTRAL DE CHILE
572115;1;200005;20 a 24 años;Universidades Estatales CRUCH;UNIVERSIDAD DE PLAYA ANCHA DE CIENCIAS DE LA EDUCACION
520478;2;199905;20 a 24 años;Universidades Estatales CRUCH;UNIVERSIDAD DE CHILE
487912;2;199810;20 a 24 años;Universidades Privadas CRUCH;UNIVERSIDAD AUSTRAL DE CHILE
675021;2;200010;20 a 24 años;Universidades Estatales CRUCH;UNIVERSIDAD DE CHILE
533907;2;199905;20 a 24 años;Universidades Estatales CRUCH;UNIVERSIDAD DE PLAYA ANCHA DE CIENCIAS DE LA EDUCACION
685077;2;200008;20 a 24 años;Universidades Estatales CRUCH;UNIVERSIDAD DE PLAYA ANCHA DE CIENCIAS DE LA EDUCACION
709498;1;200103;20 a 24 años;Universidades Privadas CRUCH;UNIVERSIDAD CATOLICA DE LA SANTISIMA CONCEPCION
598822;2;199910;20 a 24 años;Universidades Estatales CRUCH;UNIVERSIDAD DE CHILE
638020;2;200009;20 a 24 años;Universidades Privadas CRUCH;UNIVERSIDAD DE LOS ANDES
65830;2;198301;35 a 39 años;Universidades Privadas;UNIVERSIDAD CATOLICA CARDENAL RAUL SILVA HENRIQUEZ
576626;2;199907;20 a 24 años;Universidades Privadas CRUCH;UNIVERSIDAD DE LOS ANDES
440322;2;199712;20 a 24 años;Universidades Privadas CRUCH;PONTIFICIA UNIVERSIDAD CATOLICA DE VALPARAISO
450882;1;199805;20 a 24 años;Universidades Privadas CRUCH;PONTIFICIA UNIVERSIDAD CATOLICA DE VALPARAISO
492383;2;199812;20 a 24 años;Universidades Privadas CRUCH;UNIVERSIDAD AUSTRAL DE CHILE
267116;2;200102;20 a 24 años;Universidades Privadas;UNIVERSIDAD CATOLICA CARDENAL RAUL SILVA HENRIQUEZ
274418;1;199510;25 a 29 años;Universidades Privadas CRUCH;UNIVERSIDAD AUSTRAL DE CHILE
402612;2;199710;20 a 24 años;Universidades Privadas CRUCH;UNIVERSIDAD AUSTRAL DE CHILE
659602;2;200005;20 a 24 años;Universidades Estatales CRUCH;UNIVERSIDAD DE PLAYA ANCHA DE CIENCIAS DE LA EDUCACION
786751;2;200112;20 a 24 años;Universidades Privadas CRUCH;UNIVERSIDAD DE LOS ANDES
774763;2;200106;20 a 24 años;Universidades Privadas;UNIVERSIDAD AUTONOMA DE CHILE
1032101;2;200312;15 a 19 años;Universidades Estatales CRUCH;UNIVERSIDAD ARTURO PRAT
403571;1;199809;20 a 24 años;Universidades Privadas CRUCH;UNIVERSIDAD CATOLICA DE TEMUCO
160615;2;199206;30 a 34 años;Universidades Estatales CRUCH;UNIVERSIDAD DE O'HIGGINS
891222;2;200206;20 a 24 años;Universidades Privadas CRUCH;UNIVERSIDAD CATOLICA DEL NORTE
545161;2;200001;20 a 24 años;Universidades Privadas;UNIVERSIDAD AUTONOMA DE CHILE
293188;2;199508;25 a 29 años;Universidades Privadas;UNIVERSIDAD FINIS TERRAE
480080;2;199901;20 a 24 años;Universidades Estatales CRUCH;UNIVERSIDAD DE PLAYA ANCHA DE CIENCIAS DE LA EDUCACION
1141512;2;199812;20 a 24 años;Universidades Estatales CRUCH;UNIVERSIDAD DE TARAPACA
495630;2;199812;20 a 24 años;Universidades Privadas CRUCH;UNIVERSIDAD DE LOS ANDES
1057913;2;200405;15 a 19 años;Universidades Estatales CRUCH;UNIVERSIDAD DE O'HIGGINS
813560;2;200110;20 a 24 años;Universidades Privadas CRUCH;PONTIFICIA UNIVERSIDAD CATOLICA DE VALPARAISO
537565;2;199912;20 a 24 años;Universidades Privadas;UNIVERSIDAD AUTONOMA DE CHILE
549020;2;200001;20 a 24 años;Universidades Estatales CRUCH;UNIVERSIDAD DE TARAPACA
272928;2;199502;25 a 29 años;Universidades Estatales CRUCH;UNIVERSIDAD DE O'HIGGINS
258480;2;199409;25 a 29 años;Universidades Privadas;UNIVERSIDAD CATOLICA CARDENAL RAUL SILVA HENRIQUEZ
482352;1;199910;20 a 24 años;Universidades Estatales CRUCH;UNIVERSIDAD DE O'HIGGINS
418269;2;199802;20 a 24 años;Universidades Privadas;UNIVERSIDAD AUTONOMA DE CHILE
722135;1;200104;20 a 24 años;Universidades Privadas;UNIVERSIDAD AUTONOMA DE CHILE
529643;2;199910;20 a 24 años;Universidades Estatales CRUCH;UNIVERSIDAD DE PLAYA ANCHA DE CIENCIAS DE LA EDUCACION
352013;2;199608;25 a 29 años;Universidades Privadas CRUCH;UNIVERSIDAD DE LOS ANDES
1127160;1;199609;25 a 29 años;Universidades Estatales CRUCH;UNIVERSIDAD DE O'HIGGINS
481121;2;199812;20 a 24 años;Universidades Privadas;UNIVERSIDAD AUTONOMA DE CHILE
237418;1;199309;25 a 29 años;Universidades Estatales CRUCH;UNIVERSIDAD DE CHILE
196732;2;199109;30 a 34 años;Universidades Privadas;UNIVERSIDAD DE LAS AMERICAS
870732;2;200205;20 a 24 años;Universidades Privadas CRUCH;UNIVERSIDAD CATOLICA DEL NORTE
1129539;2;199704;25 a 29 años;Universidades Privadas;UNIVERSIDAD DE LAS AMERICAS
623529;2;200006;20 a 24 años;Universidades Privadas;UNIVERSIDAD AUTONOMA DE CHILE
547859;2;199912;20 a 24 años;Universidades Estatales CRUCH;UNIVERSIDAD DE O'HIGGINS
442290;2;199712;20 a 24 años;Universidades Privadas CRUCH;UNIVERSIDAD CATOLICA DE LA SANTISIMA CONCEPCION
268975;1;199412;25 a 29 años;Universidades Privadas;UNIVERSIDAD AUTONOMA DE CHILE
72973;1;198109;40 y m√°s años;Universidades Privadas;UNIVERSIDAD ACADEMIA DE HUMANISMO CRISTIANO
545254;2;200003;20 a 24 años;Universidades Privadas CRUCH;UNIVERSIDAD CATOLICA DE LA SANTISIMA CONCEPCION
804886;2;200111;20 a 24 años;Universidades Privadas CRUCH;UNIVERSIDAD AUSTRAL DE CHILE
314152;2;199608;25 a 29 años;Universidades Privadas;UNIVERSIDAD AUTONOMA DE CHILE
504005;2;199812;20 a 24 años;Universidades Privadas CRUCH;UNIVERSIDAD CATOLICA DE TEMUCO
504054;2;199901;20 a 24 años;Universidades Estatales CRUCH;UNIVERSIDAD DE LOS LAGOS
1191246;2;200401;15 a 19 años;Universidades Estatales CRUCH;UNIVERSIDAD DE O'HIGGINS
161687;2;199009;30 a 34 años;Universidades Privadas;UNIVERSIDAD SAN SEBASTIAN
1069123;2;199604;25 a 29 años;Universidades Privadas;UNIVERSIDAD FINIS TERRAE
104507;2;198701;35 a 39 años;Universidades Privadas;UNIVERSIDAD DE LAS AMERICAS
847954;2;200210;15 a 19 años;Universidades Privadas;UNIVERSIDAD CATOLICA CARDENAL RAUL SILVA HENRIQUEZ
668101;2;200006;20 a 24 años;Universidades Privadas;UNIVERSIDAD CATOLICA CARDENAL RAUL SILVA HENRIQUEZ
850146;2;200202;20 a 24 años;Universidades Privadas CRUCH;UNIVERSIDAD CATOLICA DE TEMUCO
482723;2;199905;20 a 24 años;Universidades Privadas CRUCH;UNIVERSIDAD AUSTRAL DE CHILE
693513;2;200007;20 a 24 años;Universidades Privadas;UNIVERSIDAD AUTONOMA DE CHILE
587982;2;200008;20 a 24 años;Universidades Privadas;UNIVERSIDAD DE LAS AMERICAS
182598;2;199103;30 a 34 años;Universidades Privadas;UNIVERSIDAD CATOLICA CARDENAL RAUL SILVA HENRIQUEZ
707803;1;200106;20 a 24 años;Universidades Privadas;UNIVERSIDAD FINIS TERRAE
493934;2;199811;20 a 24 años;Universidades Privadas;UNIVERSIDAD AUTONOMA DE CHILE
148639;2;198904;30 a 34 años;Universidades Privadas;UNIVERSIDAD CATOLICA CARDENAL RAUL SILVA HENRIQUEZ
611036;2;200005;20 a 24 años;Universidades Privadas;UNIVERSIDAD AUTONOMA DE CHILE
785920;2;200110;20 a 24 años;Universidades Privadas CRUCH;UNIVERSIDAD DE LOS ANDES
1135486;2;199802;20 a 24 años;Universidades Estatales CRUCH;UNIVERSIDAD DE CHILE
1029550;2;200312;15 a 19 años;Universidades Estatales CRUCH;UNIVERSIDAD DE CHILE
962816;2;200302;15 a 19 años;Universidades Privadas CRUCH;UNIVERSIDAD CATOLICA DE TEMUCO
1176525;1;200212;15 a 19 años;Universidades Privadas CRUCH;UNIVERSIDAD CATOLICA DE LA SANTISIMA CONCEPCION
430151;1;199805;20 a 24 años;Universidades Estatales CRUCH;UNIVERSIDAD DE PLAYA ANCHA DE CIENCIAS DE LA EDUCACION
645150;2;200003;20 a 24 años;Universidades Privadas;UNIVERSIDAD CATOLICA CARDENAL RAUL SILVA HENRIQUEZ
698816;2;200111;20 a 24 años;Universidades Privadas;UNIVERSIDAD CATOLICA CARDENAL RAUL SILVA HENRIQUEZ
661384;2;200005;20 a 24 años;Universidades Privadas CRUCH;PONTIFICIA UNIVERSIDAD CATOLICA DE VALPARAISO
342068;1;199703;25 a 29 años;Universidades Privadas CRUCH;UNIVERSIDAD CATOLICA DE TEMUCO
1064622;2;199512;25 a 29 años;Universidades Estatales CRUCH;UNIVERSIDAD DE MAGALLANES
1052295;1;200403;15 a 19 años;Universidades Estatales CRUCH;UNIVERSIDAD DE ANTOFAGASTA
687020;2;200012;20 a 24 años;Universidades Privadas CRUCH;UNIVERSIDAD CATOLICA DEL NORTE
439976;2;199901;20 a 24 años;Universidades Privadas CRUCH;UNIVERSIDAD CATOLICA DE LA SANTISIMA CONCEPCION
213309;2;199306;25 a 29 años;Universidades Estatales CRUCH;UNIVERSIDAD DE O'HIGGINS
1110422;2;199011;30 a 34 años;Universidades Privadas;UNIVERSIDAD DE LAS AMERICAS
295467;2;199604;25 a 29 años;Universidades Privadas;UNIVERSIDAD ACADEMIA DE HUMANISMO CRISTIANO
805298;2;200108;20 a 24 años;Universidades Estatales CRUCH;UNIVERSIDAD DE O'HIGGINS
241075;2;199402;25 a 29 años;Universidades Estatales CRUCH;UNIVERSIDAD DE PLAYA ANCHA DE CIENCIAS DE LA EDUCACION
701043;2;200008;20 a 24 años;Universidades Privadas CRUCH;UNIVERSIDAD AUSTRAL DE CHILE
1072583;2;200406;15 a 19 años;Universidades Estatales CRUCH;UNIVERSIDAD DE LOS LAGOS
966683;2;200303;15 a 19 años;Universidades Privadas CRUCH;UNIVERSIDAD CATOLICA DEL NORTE
363044;2;199610;25 a 29 años;Universidades Estatales CRUCH;UNIVERSIDAD DE O'HIGGINS
408831;2;199808;20 a 24 años;Universidades Privadas CRUCH;PONTIFICIA UNIVERSIDAD CATOLICA DE VALPARAISO
248108;2;199407;25 a 29 años;Universidades Privadas CRUCH;PONTIFICIA UNIVERSIDAD CATOLICA DE VALPARAISO
543542;2;199906;20 a 24 años;Universidades Privadas;UNIVERSIDAD FINIS TERRAE
323685;2;199608;25 a 29 años;Universidades Privadas CRUCH;UNIVERSIDAD CATOLICA DE LA SANTISIMA CONCEPCION
532334;2;199905;20 a 24 años;Universidades Privadas CRUCH;PONTIFICIA UNIVERSIDAD CATOLICA DE VALPARAISO
853951;2;200208;15 a 19 años;Universidades Estatales CRUCH;UNIVERSIDAD DE LOS LAGOS
708507;2;199912;20 a 24 años;Universidades Privadas CRUCH;UNIVERSIDAD CATOLICA DE TEMUCO
456608;2;199807;20 a 24 años;Universidades Privadas CRUCH;UNIVERSIDAD CATOLICA DE TEMUCO
325069;2;199606;25 a 29 años;Universidades Privadas;UNIVERSIDAD CATOLICA CARDENAL RAUL SILVA HENRIQUEZ
523445;2;199903;20 a 24 años;Universidades Privadas CRUCH;UNIVERSIDAD CATOLICA DE LA SANTISIMA CONCEPCION
111540;2;198803;30 a 34 años;Universidades Privadas;UNIVERSIDAD DE LAS AMERICAS
102729;2;198606;35 a 39 años;Universidades Estatales CRUCH;UNIVERSIDAD DE PLAYA ANCHA DE CIENCIAS DE LA EDUCACION
350922;2;199610;25 a 29 años;Universidades Estatales CRUCH;UNIVERSIDAD DE ANTOFAGASTA
539120;2;200002;20 a 24 años;Universidades Privadas;UNIVERSIDAD SAN SEBASTIAN
697754;2;200009;20 a 24 años;Universidades Privadas;UNIVERSIDAD AUTONOMA DE CHILE
606611;2;199910;20 a 24 años;Universidades Estatales CRUCH;UNIVERSIDAD DE PLAYA ANCHA DE CIENCIAS DE LA EDUCACION
427406;1;199810;20 a 24 años;Universidades Estatales CRUCH;UNIVERSIDAD DE O'HIGGINS
921831;2;200209;15 a 19 años;Universidades Privadas CRUCH;PONTIFICIA UNIVERSIDAD CATOLICA DE VALPARAISO
176906;1;199102;30 a 34 años;Universidades Estatales CRUCH;UNIVERSIDAD DE TARAPACA
515891;2;199904;20 a 24 años;Universidades Privadas CRUCH;UNIVERSIDAD AUSTRAL DE CHILE
508576;2;199905;20 a 24 años;Universidades Estatales CRUCH;UNIVERSIDAD DE CHILE
451580;2;199806;20 a 24 años;Universidades Privadas CRUCH;PONTIFICIA UNIVERSIDAD CATOLICA DE VALPARAISO
365774;1;199705;25 a 29 años;Universidades Privadas CRUCH;UNIVERSIDAD CATOLICA DE TEMUCO
622544;2;200001;20 a 24 años;Universidades Privadas;UNIVERSIDAD CATOLICA CARDENAL RAUL SILVA HENRIQUEZ
804638;2;200110;20 a 24 años;Universidades Estatales CRUCH;UNIVERSIDAD DE CHILE
357633;2;199711;20 a 24 años;Universidades Privadas;UNIVERSIDAD SAN SEBASTIAN
497479;2;199904;20 a 24 años;Universidades Privadas CRUCH;UNIVERSIDAD DE LOS ANDES
747122;2;200109;20 a 24 años;Universidades Privadas CRUCH;UNIVERSIDAD CATOLICA DE TEMUCO
293033;2;199505;25 a 29 años;Universidades Privadas;UNIVERSIDAD DE LAS AMERICAS
936439;2;200211;15 a 19 años;Universidades Estatales CRUCH;UNIVERSIDAD ARTURO PRAT
460245;2;199902;20 a 24 años;Universidades Privadas CRUCH;UNIVERSIDAD AUSTRAL DE CHILE
904880;2;200208;15 a 19 años;Universidades Privadas CRUCH;PONTIFICIA UNIVERSIDAD CATOLICA DE VALPARAISO
724238;1;200309;15 a 19 años;Universidades Privadas;UNIVERSIDAD AUTONOMA DE CHILE
145249;1;198907;30 a 34 años;Universidades Privadas CRUCH;UNIVERSIDAD CATOLICA DE TEMUCO
859106;2;200203;20 a 24 años;Universidades Privadas CRUCH;UNIVERSIDAD CATOLICA DE TEMUCO
1139874;2;199910;20 a 24 años;Universidades Estatales CRUCH;UNIVERSIDAD DE O'HIGGINS
623326;2;200005;20 a 24 años;Universidades Privadas;UNIVERSIDAD CATOLICA CARDENAL RAUL SILVA HENRIQUEZ
613391;2;200005;20 a 24 años;Universidades Privadas CRUCH;UNIVERSIDAD CATOLICA DE TEMUCO
402204;2;199801;20 a 24 años;Universidades Privadas CRUCH;PONTIFICIA UNIVERSIDAD CATOLICA DE VALPARAISO
506721;2;199903;20 a 24 años;Universidades Privadas;UNIVERSIDAD AUTONOMA DE CHILE
266527;2;199505;25 a 29 años;Universidades Privadas;UNIVERSIDAD DE LAS AMERICAS
1076982;2;200007;20 a 24 años;Universidades Privadas CRUCH;UNIVERSIDAD CATOLICA DEL NORTE
592471;2;200007;20 a 24 años;Universidades Privadas CRUCH;UNIVERSIDAD AUSTRAL DE CHILE
240433;2;199405;25 a 29 años;Universidades Privadas;UNIVERSIDAD DE LAS AMERICAS
1128967;2;199701;25 a 29 años;Universidades Privadas;UNIVERSIDAD DE LAS AMERICAS
799233;1;200108;20 a 24 años;Universidades Privadas;UNIVERSIDAD DE LAS AMERICAS
78624;1;198308;35 a 39 años;Universidades Privadas;UNIVERSIDAD DE LAS AMERICAS
894998;2;200207;15 a 19 años;Universidades Privadas CRUCH;UNIVERSIDAD CATOLICA DE TEMUCO
862552;2;200204;20 a 24 años;Universidades Estatales CRUCH;UNIVERSIDAD DE MAGALLANES
1141678;1;199902;20 a 24 años;Universidades Privadas;UNIVERSIDAD CATOLICA CARDENAL RAUL SILVA HENRIQUEZ
387458;2;199802;20 a 24 años;Universidades Estatales CRUCH;UNIVERSIDAD DE MAGALLANES
475435;2;199810;20 a 24 años;Universidades Privadas CRUCH;PONTIFICIA UNIVERSIDAD CATOLICA DE VALPARAISO
461491;2;199903;20 a 24 años;Universidades Estatales CRUCH;UNIVERSIDAD DE ANTOFAGASTA
941208;2;200212;15 a 19 años;Universidades Privadas CRUCH;UNIVERSIDAD DE LOS ANDES
210368;2;199211;25 a 29 años;Universidades Privadas;UNIVERSIDAD CATOLICA CARDENAL RAUL SILVA HENRIQUEZ
847493;2;200112;20 a 24 años;Universidades Privadas CRUCH;UNIVERSIDAD CATOLICA DE LA SANTISIMA CONCEPCION
1175313;1;200204;20 a 24 años;Universidades Estatales CRUCH;UNIVERSIDAD DE LOS LAGOS
1006597;1;200308;15 a 19 años;Universidades Privadas CRUCH;UNIVERSIDAD CATOLICA DE TEMUCO
749399;1;200107;20 a 24 años;Universidades Privadas;UNIVERSIDAD AUTONOMA DE CHILE
288528;2;199507;25 a 29 años;Universidades Estatales CRUCH;UNIVERSIDAD ARTURO PRAT
133310;2;198810;30 a 34 años;Universidades Privadas;UNIVERSIDAD DE LAS AMERICAS
829602;2;200207;15 a 19 años;Universidades Privadas;UNIVERSIDAD AUTONOMA DE CHILE
366291;2;199802;20 a 24 años;Universidades Estatales CRUCH;UNIVERSIDAD DE PLAYA ANCHA DE CIENCIAS DE LA EDUCACION
1020271;1;200310;15 a 19 años;Universidades Privadas CRUCH;UNIVERSIDAD CATOLICA DE TEMUCO
448482;2;199805;20 a 24 años;Universidades Privadas CRUCH;UNIVERSIDAD CATOLICA DE TEMUCO
423741;2;199802;20 a 24 años;Universidades Privadas CRUCH;UNIVERSIDAD DE LOS ANDES
1044183;2;200402;15 a 19 años;Universidades Privadas CRUCH;UNIVERSIDAD CATOLICA DE LA SANTISIMA CONCEPCION
243748;2;199408;25 a 29 años;Universidades Privadas CRUCH;UNIVERSIDAD AUSTRAL DE CHILE
746423;2;200102;20 a 24 años;Universidades Privadas CRUCH;PONTIFICIA UNIVERSIDAD CATOLICA DE VALPARAISO
550618;1;199908;20 a 24 años;Universidades Privadas;UNIVERSIDAD ACADEMIA DE HUMANISMO CRISTIANO
605289;2;199907;20 a 24 años;Universidades Estatales CRUCH;UNIVERSIDAD DE ANTOFAGASTA
202082;1;199205;30 a 34 años;Universidades Privadas;UNIVERSIDAD DE LAS AMERICAS
768664;2;200105;20 a 24 años;Universidades Privadas CRUCH;UNIVERSIDAD AUSTRAL DE CHILE
979090;1;200304;15 a 19 años;Universidades Estatales CRUCH;UNIVERSIDAD DE CHILE
633124;2;200005;20 a 24 años;Universidades Privadas;UNIVERSIDAD DE LAS AMERICAS
388881;2;199709;20 a 24 años;Universidades Privadas;UNIVERSIDAD ACADEMIA DE HUMANISMO CRISTIANO
531649;2;200002;20 a 24 años;Universidades Privadas;UNIVERSIDAD AUTONOMA DE CHILE
610820;2;200004;20 a 24 años;Universidades Privadas CRUCH;UNIVERSIDAD CATOLICA DE TEMUCO
598156;2;200002;20 a 24 años;Universidades Privadas;UNIVERSIDAD CATOLICA CARDENAL RAUL SILVA HENRIQUEZ
315977;1;199704;25 a 29 años;Universidades Estatales CRUCH;UNIVERSIDAD DE PLAYA ANCHA DE CIENCIAS DE LA EDUCACION
943374;2;200212;15 a 19 años;Universidades Estatales CRUCH;UNIVERSIDAD DE CHILE
463676;2;199808;20 a 24 años;Universidades Estatales CRUCH;UNIVERSIDAD ARTURO PRAT
394633;2;199706;25 a 29 años;Universidades Estatales CRUCH;UNIVERSIDAD DE PLAYA ANCHA DE CIENCIAS DE LA EDUCACION
790212;2;200207;15 a 19 años;Universidades Privadas;UNIVERSIDAD CATOLICA CARDENAL RAUL SILVA HENRIQUEZ
693996;2;200011;20 a 24 años;Universidades Privadas;UNIVERSIDAD AUTONOMA DE CHILE
1191068;2;200401;15 a 19 años;Universidades Privadas;UNIVERSIDAD DE LAS AMERICAS
395956;1;199705;25 a 29 años;Universidades Privadas CRUCH;UNIVERSIDAD CATOLICA DEL NORTE
193984;2;199201;30 a 34 años;Universidades Privadas CRUCH;UNIVERSIDAD AUSTRAL DE CHILE
89623;2;198505;35 a 39 años;Universidades Privadas;UNIVERSIDAD DE LAS AMERICAS
610032;2;199910;20 a 24 años;Universidades Privadas CRUCH;UNIVERSIDAD CATOLICA DE TEMUCO
179382;1;199108;30 a 34 años;Universidades Privadas CRUCH;UNIVERSIDAD CATOLICA DEL NORTE
819321;2;200108;20 a 24 años;Universidades Privadas;UNIVERSIDAD AUTONOMA DE CHILE
688813;2;200007;20 a 24 años;Universidades Estatales CRUCH;UNIVERSIDAD DE MAGALLANES
588404;2;199910;20 a 24 años;Universidades Privadas;UNIVERSIDAD AUTONOMA DE CHILE
572364;1;200006;20 a 24 años;Universidades Privadas CRUCH;UNIVERSIDAD AUSTRAL DE CHILE
956091;2;200301;15 a 19 años;Universidades Privadas;UNIVERSIDAD AUTONOMA DE CHILE
1115907;2;199302;25 a 29 años;Universidades Privadas;UNIVERSIDAD DE LAS AMERICAS
229341;2;199309;25 a 29 años;Universidades Privadas;UNIVERSIDAD AUTONOMA DE CHILE
1065180;2;199907;20 a 24 años;Universidades Estatales CRUCH;UNIVERSIDAD DE CHILE
521605;2;199910;20 a 24 años;Universidades Estatales CRUCH;UNIVERSIDAD DE ANTOFAGASTA
529136;2;199911;20 a 24 años;Universidades Privadas CRUCH;UNIVERSIDAD DE LOS ANDES
842173;2;200201;20 a 24 años;Universidades Privadas CRUCH;PONTIFICIA UNIVERSIDAD CATOLICA DE VALPARAISO
1155505;2;200010;20 a 24 años;Universidades Privadas CRUCH;UNIVERSIDAD CATOLICA DE LA SANTISIMA CONCEPCION
676188;2;200006;20 a 24 años;Universidades Privadas;UNIVERSIDAD AUTONOMA DE CHILE
876760;2;200205;20 a 24 años;Universidades Privadas;UNIVERSIDAD CATOLICA CARDENAL RAUL SILVA HENRIQUEZ
454815;1;199901;20 a 24 años;Universidades Privadas CRUCH;UNIVERSIDAD CATOLICA DEL NORTE
617858;2;200008;20 a 24 años;Universidades Privadas;UNIVERSIDAD SAN SEBASTIAN
898067;1;200207;15 a 19 años;Universidades Privadas;UNIVERSIDAD AUTONOMA DE CHILE
754790;2;200103;20 a 24 años;Universidades Privadas CRUCH;UNIVERSIDAD CATOLICA DEL NORTE
66028;2;198202;40 y m√°s años;Universidades Privadas;UNIVERSIDAD CATOLICA CARDENAL RAUL SILVA HENRIQUEZ
705737;2;200103;20 a 24 años;Universidades Privadas;UNIVERSIDAD AUTONOMA DE CHILE
136089;2;198901;30 a 34 años;Universidades Estatales CRUCH;UNIVERSIDAD DE CHILE
866897;2;200204;20 a 24 años;Universidades Privadas CRUCH;UNIVERSIDAD CATOLICA DE TEMUCO
24745;2;197706;40 y m√°s años;Universidades Estatales CRUCH;UNIVERSIDAD DE TARAPACA
996660;2;200306;15 a 19 años;Universidades Privadas CRUCH;PONTIFICIA UNIVERSIDAD CATOLICA DE VALPARAISO
253915;1;199412;25 a 29 años;Universidades Estatales CRUCH;UNIVERSIDAD DE PLAYA ANCHA DE CIENCIAS DE LA EDUCACION
451222;2;199806;20 a 24 años;Universidades Privadas;UNIVERSIDAD SAN SEBASTIAN
136090;2;198901;30 a 34 años;Universidades Privadas;UNIVERSIDAD CATOLICA CARDENAL RAUL SILVA HENRIQUEZ
548644;2;199906;20 a 24 años;Universidades Estatales CRUCH;UNIVERSIDAD DE TARAPACA
7191;2;197010;40 y m√°s años;Universidades Privadas;UNIVERSIDAD CATOLICA CARDENAL RAUL SILVA HENRIQUEZ
580645;2;200002;20 a 24 años;Universidades Privadas;UNIVERSIDAD AUTONOMA DE CHILE
276255;2;199602;25 a 29 años;Universidades Privadas;UNIVERSIDAD AUTONOMA DE CHILE
1006899;2;200308;15 a 19 años;Universidades Privadas CRUCH;UNIVERSIDAD AUSTRAL DE CHILE
603128;2;199910;20 a 24 años;Universidades Privadas;UNIVERSIDAD AUTONOMA DE CHILE
109167;2;198611;35 a 39 años;Universidades Privadas;UNIVERSIDAD CATOLICA CARDENAL RAUL SILVA HENRIQUEZ
992926;2;200306;15 a 19 años;Universidades Estatales CRUCH;UNIVERSIDAD DE O'HIGGINS
157024;2;199005;30 a 34 años;Universidades Privadas;UNIVERSIDAD DE LAS AMERICAS
353026;2;199611;25 a 29 años;Universidades Privadas CRUCH;UNIVERSIDAD CATOLICA DE LA SANTISIMA CONCEPCION
89407;2;198512;35 a 39 años;Universidades Privadas;UNIVERSIDAD ACADEMIA DE HUMANISMO CRISTIANO
458830;2;199812;20 a 24 años;Universidades Privadas CRUCH;PONTIFICIA UNIVERSIDAD CATOLICA DE VALPARAISO
414561;1;199807;20 a 24 años;Universidades Privadas CRUCH;UNIVERSIDAD CATOLICA DE TEMUCO
681559;2;200008;20 a 24 años;Universidades Privadas;UNIVERSIDAD AUTONOMA DE CHILE
1144839;1;199909;20 a 24 años;Universidades Privadas;UNIVERSIDAD FINIS TERRAE
302042;2;199601;25 a 29 años;Universidades Privadas;UNIVERSIDAD CATOLICA CARDENAL RAUL SILVA HENRIQUEZ
671143;2;200010;20 a 24 años;Universidades Estatales CRUCH;UNIVERSIDAD ARTURO PRAT
454476;2;199809;20 a 24 años;Universidades Privadas CRUCH;UNIVERSIDAD CATOLICA DEL NORTE
571648;2;199906;20 a 24 años;Universidades Estatales CRUCH;UNIVERSIDAD DE PLAYA ANCHA DE CIENCIAS DE LA EDUCACION
436925;2;199802;20 a 24 años;Universidades Privadas CRUCH;UNIVERSIDAD DE LOS ANDES
683733;2;200008;20 a 24 años;Universidades Privadas;UNIVERSIDAD CATOLICA CARDENAL RAUL SILVA HENRIQUEZ
1170757;2;200112;20 a 24 años;Universidades Privadas CRUCH;UNIVERSIDAD CATOLICA DE LA SANTISIMA CONCEPCION
369973;2;199710;20 a 24 años;Universidades Estatales CRUCH;UNIVERSIDAD DE PLAYA ANCHA DE CIENCIAS DE LA EDUCACION
451501;2;199807;20 a 24 años;Universidades Privadas CRUCH;UNIVERSIDAD CATOLICA DE TEMUCO
1186970;2;200306;15 a 19 años;Universidades Privadas CRUCH;UNIVERSIDAD CATOLICA DEL NORTE
404036;2;199803;20 a 24 años;Universidades Privadas;UNIVERSIDAD AUTONOMA DE CHILE
257896;2;199307;25 a 29 años;Universidades Privadas;UNIVERSIDAD AUTONOMA DE CHILE
761248;2;200108;20 a 24 años;Universidades Estatales CRUCH;UNIVERSIDAD DE O'HIGGINS
119892;2;198803;30 a 34 años;Universidades Privadas CRUCH;PONTIFICIA UNIVERSIDAD CATOLICA DE VALPARAISO
321047;1;199708;20 a 24 años;Universidades Privadas CRUCH;PONTIFICIA UNIVERSIDAD CATOLICA DE VALPARAISO
322875;1;199702;25 a 29 años;Universidades Privadas CRUCH;UNIVERSIDAD CATOLICA DE LA SANTISIMA CONCEPCION
549435;2;200005;20 a 24 años;Universidades Estatales CRUCH;UNIVERSIDAD DE TARAPACA
612547;2;200006;20 a 24 años;Universidades Estatales CRUCH;UNIVERSIDAD DE O'HIGGINS
366477;2;199705;25 a 29 años;Universidades Estatales CRUCH;UNIVERSIDAD ARTURO PRAT
1035384;2;200312;15 a 19 años;Universidades Estatales CRUCH;UNIVERSIDAD DE CHILE
138037;2;200010;20 a 24 años;Universidades Privadas CRUCH;UNIVERSIDAD CATOLICA DE TEMUCO
230767;2;199207;25 a 29 años;Universidades Privadas CRUCH;UNIVERSIDAD CATOLICA DE TEMUCO
567798;2;200002;20 a 24 años;Universidades Estatales CRUCH;UNIVERSIDAD DE ANTOFAGASTA
822188;2;200111;20 a 24 años;Universidades Privadas;UNIVERSIDAD CATOLICA CARDENAL RAUL SILVA HENRIQUEZ
689673;2;200011;20 a 24 años;Universidades Privadas CRUCH;UNIVERSIDAD AUSTRAL DE CHILE
547966;2;200001;20 a 24 años;Universidades Estatales CRUCH;UNIVERSIDAD DE O'HIGGINS
4309;1;197511;40 y m√°s años;Universidades Privadas;UNIVERSIDAD DE LAS AMERICAS
293698;2;200101;20 a 24 años;Universidades Privadas CRUCH;UNIVERSIDAD CATOLICA DE LA SANTISIMA CONCEPCION
564446;2;199907;20 a 24 años;Universidades Privadas CRUCH;UNIVERSIDAD CATOLICA DE LA SANTISIMA CONCEPCION
143247;2;198908;30 a 34 años;Universidades Privadas;UNIVERSIDAD DE LAS AMERICAS
1136985;1;199803;20 a 24 años;Universidades Privadas;UNIVERSIDAD DE LAS AMERICAS
939192;1;200305;15 a 19 años;Universidades Privadas CRUCH;UNIVERSIDAD AUSTRAL DE CHILE
359634;2;199611;25 a 29 años;Universidades Estatales CRUCH;UNIVERSIDAD DE CHILE
614891;2;200001;20 a 24 años;Universidades Privadas;UNIVERSIDAD AUTONOMA DE CHILE
151199;2;199010;30 a 34 años;Universidades Privadas;UNIVERSIDAD CATOLICA CARDENAL RAUL SILVA HENRIQUEZ
444045;2;199803;20 a 24 años;Universidades Privadas;UNIVERSIDAD CATOLICA CARDENAL RAUL SILVA HENRIQUEZ
866309;2;200204;20 a 24 años;Universidades Privadas CRUCH;UNIVERSIDAD DE LOS ANDES
859790;2;200203;20 a 24 años;Universidades Privadas CRUCH;PONTIFICIA UNIVERSIDAD CATOLICA DE VALPARAISO
674281;1;200006;20 a 24 años;Universidades Privadas CRUCH;UNIVERSIDAD CATOLICA DE LA SANTISIMA CONCEPCION
792727;2;200107;20 a 24 años;Universidades Privadas;UNIVERSIDAD AUTONOMA DE CHILE
792841;2;200107;20 a 24 años;Universidades Privadas;UNIVERSIDAD AUTONOMA DE CHILE
919901;2;200209;15 a 19 años;Universidades Privadas CRUCH;PONTIFICIA UNIVERSIDAD CATOLICA DE VALPARAISO
989424;2;200305;15 a 19 años;Universidades Privadas;UNIVERSIDAD CATOLICA CARDENAL RAUL SILVA HENRIQUEZ
97427;2;198606;35 a 39 años;Universidades Privadas CRUCH;UNIVERSIDAD CATOLICA DEL NORTE
667348;2;200009;20 a 24 años;Universidades Privadas CRUCH;PONTIFICIA UNIVERSIDAD CATOLICA DE VALPARAISO
819360;1;200110;20 a 24 años;Universidades Estatales CRUCH;UNIVERSIDAD ARTURO PRAT
612587;2;200006;20 a 24 años;Universidades Estatales CRUCH;UNIVERSIDAD DE O'HIGGINS
1039070;2;200401;15 a 19 años;Universidades Estatales CRUCH;UNIVERSIDAD DE O'HIGGINS
261274;2;199412;25 a 29 años;Universidades Privadas;UNIVERSIDAD AUTONOMA DE CHILE
144893;2;198912;30 a 34 años;Universidades Privadas CRUCH;UNIVERSIDAD CATOLICA DE LA SANTISIMA CONCEPCION
464543;2;199902;20 a 24 años;Universidades Estatales CRUCH;UNIVERSIDAD ARTURO PRAT
1047997;2;200403;15 a 19 años;Universidades Estatales CRUCH;UNIVERSIDAD DE O'HIGGINS
171516;2;199104;30 a 34 años;Universidades Privadas;UNIVERSIDAD DE LAS AMERICAS
730436;2;200101;20 a 24 años;Universidades Privadas CRUCH;UNIVERSIDAD DE LOS ANDES
1122351;2;199503;25 a 29 años;Universidades Estatales CRUCH;UNIVERSIDAD DE O'HIGGINS
372415;2;199705;25 a 29 años;Universidades Privadas;UNIVERSIDAD AUTONOMA DE CHILE
518328;2;199908;20 a 24 años;Universidades Privadas CRUCH;UNIVERSIDAD CATOLICA DE TEMUCO
73198;2;198306;35 a 39 años;Universidades Privadas;UNIVERSIDAD BOLIVARIANA
1062951;1;200406;15 a 19 años;Universidades Estatales CRUCH;UNIVERSIDAD DE O'HIGGINS
334794;2;199706;25 a 29 años;Universidades Privadas CRUCH;UNIVERSIDAD AUSTRAL DE CHILE
687170;2;200102;20 a 24 años;Universidades Estatales CRUCH;UNIVERSIDAD DE PLAYA ANCHA DE CIENCIAS DE LA EDUCACION
886140;2;200205;20 a 24 años;Universidades Privadas CRUCH;PONTIFICIA UNIVERSIDAD CATOLICA DE VALPARAISO
1126147;2;199601;25 a 29 años;Universidades Privadas;UNIVERSIDAD DE LAS AMERICAS
867267;1;200204;20 a 24 años;Universidades Estatales CRUCH;UNIVERSIDAD DE O'HIGGINS
552467;2;199911;20 a 24 años;Universidades Estatales CRUCH;UNIVERSIDAD DE PLAYA ANCHA DE CIENCIAS DE LA EDUCACION
893652;2;200206;20 a 24 años;Universidades Privadas CRUCH;UNIVERSIDAD AUSTRAL DE CHILE
216547;2;199304;25 a 29 años;Universidades Privadas CRUCH;UNIVERSIDAD CATOLICA DE LA SANTISIMA CONCEPCION
483347;2;199810;20 a 24 años;Universidades Privadas CRUCH;UNIVERSIDAD AUSTRAL DE CHILE
273169;2;199509;25 a 29 años;Universidades Estatales CRUCH;UNIVERSIDAD DE O'HIGGINS
327013;2;199703;25 a 29 años;Universidades Privadas;UNIVERSIDAD AUTONOMA DE CHILE
1124652;2;199509;25 a 29 años;Universidades Privadas;UNIVERSIDAD AUTONOMA DE CHILE
686994;2;200012;20 a 24 años;Universidades Privadas CRUCH;UNIVERSIDAD CATOLICA DEL NORTE
721739;2;200012;20 a 24 años;Universidades Privadas CRUCH;UNIVERSIDAD DE LOS ANDES
188017;2;199203;30 a 34 años;Universidades Privadas CRUCH;UNIVERSIDAD CATOLICA DEL NORTE
1004638;2;200308;15 a 19 años;Universidades Privadas CRUCH;PONTIFICIA UNIVERSIDAD CATOLICA DE VALPARAISO
630245;2;200002;20 a 24 años;Universidades Privadas CRUCH;UNIVERSIDAD DE LOS ANDES
304871;1;199608;25 a 29 años;Universidades Estatales CRUCH;UNIVERSIDAD DE MAGALLANES
537026;2;199908;20 a 24 años;Universidades Privadas CRUCH;PONTIFICIA UNIVERSIDAD CATOLICA DE VALPARAISO
674969;2;200010;20 a 24 años;Universidades Privadas CRUCH;UNIVERSIDAD CATOLICA DE LA SANTISIMA CONCEPCION
537225;2;199909;20 a 24 años;Universidades Privadas CRUCH;PONTIFICIA UNIVERSIDAD CATOLICA DE VALPARAISO
435900;2;199712;20 a 24 años;Universidades Privadas CRUCH;PONTIFICIA UNIVERSIDAD CATOLICA DE VALPARAISO
150515;1;198906;30 a 34 años;Universidades Estatales CRUCH;UNIVERSIDAD DE TARAPACA
1026559;2;200311;15 a 19 años;Universidades Privadas CRUCH;UNIVERSIDAD CATOLICA DE LA SANTISIMA CONCEPCION
68174;1;198212;35 a 39 años;Universidades Privadas;UNIVERSIDAD DE LAS AMERICAS
174577;2;199011;30 a 34 años;Universidades Estatales CRUCH;UNIVERSIDAD DE PLAYA ANCHA DE CIENCIAS DE LA EDUCACION
635955;2;200004;20 a 24 años;Universidades Privadas;UNIVERSIDAD FINIS TERRAE
388866;2;199708;20 a 24 años;Universidades Estatales CRUCH;UNIVERSIDAD DE CHILE
318436;2;199607;25 a 29 años;Universidades Privadas;UNIVERSIDAD CATOLICA CARDENAL RAUL SILVA HENRIQUEZ
375047;2;199802;20 a 24 años;Universidades Privadas CRUCH;UNIVERSIDAD CATOLICA DE TEMUCO
518435;2;199810;20 a 24 años;Universidades Privadas;UNIVERSIDAD ACADEMIA DE HUMANISMO CRISTIANO
594446;2;200003;20 a 24 años;Universidades Privadas CRUCH;PONTIFICIA UNIVERSIDAD CATOLICA DE VALPARAISO
334280;1;199612;25 a 29 años;Universidades Estatales CRUCH;UNIVERSIDAD DE TARAPACA
858169;2;200203;20 a 24 años;Universidades Privadas CRUCH;UNIVERSIDAD CATOLICA DE TEMUCO
54606;2;198201;40 y m√°s años;Universidades Estatales CRUCH;UNIVERSIDAD DE TARAPACA
771494;2;200105;20 a 24 años;Universidades Estatales CRUCH;UNIVERSIDAD ARTURO PRAT
566247;2;199912;20 a 24 años;Universidades Privadas CRUCH;UNIVERSIDAD CATOLICA DE LA SANTISIMA CONCEPCION
851582;2;200202;20 a 24 años;Universidades Estatales CRUCH;UNIVERSIDAD DE CHILE
588098;2;199907;20 a 24 años;Universidades Privadas;UNIVERSIDAD AUTONOMA DE CHILE
569912;2;200007;20 a 24 años;Universidades Privadas CRUCH;UNIVERSIDAD AUSTRAL DE CHILE
521642;2;199911;20 a 24 años;Universidades Privadas CRUCH;UNIVERSIDAD CATOLICA DE LA SANTISIMA CONCEPCION
933248;2;200211;15 a 19 años;Universidades Privadas CRUCH;PONTIFICIA UNIVERSIDAD CATOLICA DE VALPARAISO
797637;2;200108;20 a 24 años;Universidades Privadas CRUCH;UNIVERSIDAD DE LOS ANDES
964432;2;200309;15 a 19 años;Universidades Privadas;UNIVERSIDAD FINIS TERRAE
345210;1;199709;20 a 24 años;Universidades Estatales CRUCH;UNIVERSIDAD DE TARAPACA
467048;2;199905;20 a 24 años;Universidades Estatales CRUCH;UNIVERSIDAD DE O'HIGGINS
1004685;2;200308;15 a 19 años;Universidades Privadas;UNIVERSIDAD DE LAS AMERICAS
1055284;1;200404;15 a 19 años;Universidades Estatales CRUCH;UNIVERSIDAD DE CHILE
389114;2;199712;20 a 24 años;Universidades Privadas CRUCH;UNIVERSIDAD CATOLICA DE LA SANTISIMA CONCEPCION
708406;1;200012;20 a 24 años;Universidades Privadas CRUCH;UNIVERSIDAD CATOLICA DE TEMUCO
339061;2;199704;25 a 29 años;Universidades Privadas CRUCH;UNIVERSIDAD CATOLICA DEL NORTE
476477;2;199906;20 a 24 años;Universidades Privadas CRUCH;PONTIFICIA UNIVERSIDAD CATOLICA DE VALPARAISO
344421;2;199612;25 a 29 años;Universidades Privadas;UNIVERSIDAD SAN SEBASTIAN
273781;2;199504;25 a 29 años;Universidades Privadas;UNIVERSIDAD DE LAS AMERICAS
554669;2;199904;20 a 24 años;Universidades Privadas CRUCH;UNIVERSIDAD AUSTRAL DE CHILE
701331;2;200108;20 a 24 años;Universidades Privadas CRUCH;UNIVERSIDAD AUSTRAL DE CHILE
550863;2;199909;20 a 24 años;Universidades Privadas;UNIVERSIDAD SAN SEBASTIAN
368036;1;199707;20 a 24 años;Universidades Privadas;UNIVERSIDAD AUTONOMA DE CHILE
96943;2;198511;35 a 39 años;Universidades Privadas;UNIVERSIDAD DE LAS AMERICAS
331401;2;199704;25 a 29 años;Universidades Privadas;UNIVERSIDAD CATOLICA CARDENAL RAUL SILVA HENRIQUEZ
535207;2;199910;20 a 24 años;Universidades Privadas CRUCH;UNIVERSIDAD CATOLICA DE TEMUCO
774585;2;200107;20 a 24 años;Universidades Estatales CRUCH;UNIVERSIDAD DE TARAPACA
866416;2;200204;20 a 24 años;Universidades Estatales CRUCH;UNIVERSIDAD DE CHILE
448325;2;199803;20 a 24 años;Universidades Privadas CRUCH;UNIVERSIDAD CATOLICA DE TEMUCO
932155;2;200211;15 a 19 años;Universidades Estatales CRUCH;UNIVERSIDAD ARTURO PRAT
618539;2;200102;20 a 24 años;Universidades Estatales CRUCH;UNIVERSIDAD DE CHILE
703172;1;200010;20 a 24 años;Universidades Privadas;UNIVERSIDAD AUTONOMA DE CHILE
342346;2;199707;20 a 24 años;Universidades Privadas CRUCH;UNIVERSIDAD CATOLICA DE TEMUCO
486513;2;199904;20 a 24 años;Universidades Privadas;UNIVERSIDAD FINIS TERRAE
1024300;2;200311;15 a 19 años;Universidades Privadas;UNIVERSIDAD AUTONOMA DE CHILE
295724;2;199506;25 a 29 años;Universidades Privadas CRUCH;PONTIFICIA UNIVERSIDAD CATOLICA DE VALPARAISO
340982;1;199612;25 a 29 años;Universidades Privadas;UNIVERSIDAD AUTONOMA DE CHILE
409224;2;199710;20 a 24 años;Universidades Privadas CRUCH;PONTIFICIA UNIVERSIDAD CATOLICA DE VALPARAISO
565028;1;199908;20 a 24 años;Universidades Privadas CRUCH;UNIVERSIDAD CATOLICA DE LA SANTISIMA CONCEPCION
447640;2;199807;20 a 24 años;Universidades Privadas;UNIVERSIDAD DE LAS AMERICAS
587529;2;200008;20 a 24 años;Universidades Privadas;UNIVERSIDAD DE LAS AMERICAS
869405;1;200204;20 a 24 años;Universidades Estatales CRUCH;UNIVERSIDAD DE O'HIGGINS
808428;2;200111;20 a 24 años;Universidades Privadas CRUCH;UNIVERSIDAD CATOLICA DE TEMUCO
567946;1;200003;20 a 24 años;Universidades Estatales CRUCH;UNIVERSIDAD DE ANTOFAGASTA
1198390;2;199801;20 a 24 años;Universidades Privadas;UNIVERSIDAD SAN SEBASTIAN
741574;2;200109;20 a 24 años;Universidades Privadas CRUCH;PONTIFICIA UNIVERSIDAD CATOLICA DE VALPARAISO
294494;2;199511;25 a 29 años;Universidades Privadas;UNIVERSIDAD CATOLICA CARDENAL RAUL SILVA HENRIQUEZ
1016776;2;200309;15 a 19 años;Universidades Estatales CRUCH;UNIVERSIDAD DE PLAYA ANCHA DE CIENCIAS DE LA EDUCACION
461885;2;199904;20 a 24 años;Universidades Privadas CRUCH;UNIVERSIDAD AUSTRAL DE CHILE
220906;2;199205;30 a 34 años;Universidades Privadas CRUCH;UNIVERSIDAD AUSTRAL DE CHILE
634416;2;199912;20 a 24 años;Universidades Privadas CRUCH;UNIVERSIDAD CATOLICA DE LA SANTISIMA CONCEPCION
538070;2;199905;20 a 24 años;Universidades Privadas;UNIVERSIDAD CATOLICA CARDENAL RAUL SILVA HENRIQUEZ
1157069;2;200106;20 a 24 años;Universidades Privadas;UNIVERSIDAD FINIS TERRAE
462340;2;199810;20 a 24 años;Universidades Privadas CRUCH;PONTIFICIA UNIVERSIDAD CATOLICA DE VALPARAISO
381990;2;199702;25 a 29 años;Universidades Privadas CRUCH;UNIVERSIDAD AUSTRAL DE CHILE
664627;2;200009;20 a 24 años;Universidades Privadas CRUCH;UNIVERSIDAD CATOLICA DE LA SANTISIMA CONCEPCION
154367;2;198911;30 a 34 años;Universidades Privadas CRUCH;UNIVERSIDAD CATOLICA DEL NORTE
1010474;2;200308;15 a 19 años;Universidades Privadas;UNIVERSIDAD CATOLICA CARDENAL RAUL SILVA HENRIQUEZ
205512;1;199307;25 a 29 años;Universidades Estatales CRUCH;UNIVERSIDAD DE TARAPACA
589050;2;200005;20 a 24 años;Universidades Privadas;UNIVERSIDAD AUTONOMA DE CHILE
87467;2;198506;35 a 39 años;Universidades Privadas CRUCH;UNIVERSIDAD CATOLICA DE TEMUCO
605568;2;200005;20 a 24 años;Universidades Privadas CRUCH;UNIVERSIDAD CATOLICA DE TEMUCO
136001;2;198810;30 a 34 años;Universidades Privadas;UNIVERSIDAD DE LAS AMERICAS
323029;1;199605;25 a 29 años;Universidades Privadas CRUCH;UNIVERSIDAD AUSTRAL DE CHILE
741794;2;200104;20 a 24 años;Universidades Privadas CRUCH;UNIVERSIDAD CATOLICA DEL NORTE
1063743;2;200406;15 a 19 años;Universidades Estatales CRUCH;UNIVERSIDAD DE O'HIGGINS
562240;2;199911;20 a 24 años;Universidades Estatales CRUCH;UNIVERSIDAD ARTURO PRAT
350372;2;199708;20 a 24 años;Universidades Privadas;UNIVERSIDAD AUTONOMA DE CHILE
985222;1;200305;15 a 19 años;Universidades Privadas CRUCH;UNIVERSIDAD AUSTRAL DE CHILE
482513;2;199809;20 a 24 años;Universidades Privadas CRUCH;UNIVERSIDAD AUSTRAL DE CHILE
506251;2;199811;20 a 24 años;Universidades Privadas CRUCH;UNIVERSIDAD CATOLICA DE TEMUCO
69849;2;198107;40 y m√°s años;Universidades Privadas;UNIVERSIDAD DE LAS AMERICAS
263776;1;199408;25 a 29 años;Universidades Privadas;UNIVERSIDAD AUTONOMA DE CHILE
954596;1;200301;15 a 19 años;Universidades Privadas CRUCH;UNIVERSIDAD CATOLICA DE LA SANTISIMA CONCEPCION
122718;2;198808;30 a 34 años;Universidades Estatales CRUCH;UNIVERSIDAD DE PLAYA ANCHA DE CIENCIAS DE LA EDUCACION
1130659;2;199611;25 a 29 años;Universidades Privadas CRUCH;UNIVERSIDAD CATOLICA DE LA SANTISIMA CONCEPCION
568190;1;200006;20 a 24 años;Universidades Privadas CRUCH;UNIVERSIDAD CATOLICA DEL NORTE
993174;2;200306;15 a 19 años;Universidades Estatales CRUCH;UNIVERSIDAD DE TARAPACA
601573;2;199910;20 a 24 años;Universidades Privadas;UNIVERSIDAD SAN SEBASTIAN
148025;2;199002;30 a 34 años;Universidades Privadas;UNIVERSIDAD DE LAS AMERICAS
366128;1;199702;25 a 29 años;Universidades Privadas;UNIVERSIDAD SAN SEBASTIAN
582644;2;200004;20 a 24 años;Universidades Privadas;UNIVERSIDAD AUTONOMA DE CHILE
517779;2;199901;20 a 24 años;Universidades Privadas;UNIVERSIDAD ACADEMIA DE HUMANISMO CRISTIANO
537261;2;199909;20 a 24 años;Universidades Privadas CRUCH;PONTIFICIA UNIVERSIDAD CATOLICA DE VALPARAISO
771303;1;200106;20 a 24 años;Universidades Privadas CRUCH;PONTIFICIA UNIVERSIDAD CATOLICA DE VALPARAISO
610943;2;200005;20 a 24 años;Universidades Privadas CRUCH;UNIVERSIDAD CATOLICA DE TEMUCO
547259;2;199912;20 a 24 años;Universidades Estatales CRUCH;UNIVERSIDAD DE ANTOFAGASTA
485104;2;199901;20 a 24 años;Universidades Estatales CRUCH;UNIVERSIDAD DE O'HIGGINS
795116;2;200108;20 a 24 años;Universidades Privadas;UNIVERSIDAD CATOLICA CARDENAL RAUL SILVA HENRIQUEZ
1018192;2;200310;15 a 19 años;Universidades Estatales CRUCH;UNIVERSIDAD DE CHILE
1005127;1;200307;15 a 19 años;Universidades Privadas CRUCH;UNIVERSIDAD CATOLICA DEL NORTE
906519;2;200208;15 a 19 años;Universidades Privadas CRUCH;UNIVERSIDAD CATOLICA DE TEMUCO
1025432;2;200311;15 a 19 años;Universidades Privadas CRUCH;UNIVERSIDAD CATOLICA DE TEMUCO
253493;2;199501;25 a 29 años;Universidades Estatales CRUCH;UNIVERSIDAD DE O'HIGGINS
721162;1;200012;20 a 24 años;Universidades Estatales CRUCH;UNIVERSIDAD DE CHILE
262083;1;199501;25 a 29 años;Universidades Privadas CRUCH;UNIVERSIDAD CATOLICA DEL NORTE
725875;2;200012;20 a 24 años;Universidades Estatales CRUCH;UNIVERSIDAD ARTURO PRAT
732481;2;200102;20 a 24 años;Universidades Privadas CRUCH;UNIVERSIDAD AUSTRAL DE CHILE
1013744;2;200309;15 a 19 años;Universidades Privadas CRUCH;UNIVERSIDAD AUSTRAL DE CHILE
125040;2;198809;30 a 34 años;Universidades Privadas CRUCH;UNIVERSIDAD CATOLICA DE LA SANTISIMA CONCEPCION
636931;2;200007;20 a 24 años;Universidades Privadas CRUCH;UNIVERSIDAD DE LOS ANDES
657858;2;200010;20 a 24 años;Universidades Estatales CRUCH;UNIVERSIDAD DE CHILE
5573;2;196804;40 y m√°s años;Universidades Privadas;UNIVERSIDAD CATOLICA CARDENAL RAUL SILVA HENRIQUEZ
1070449;2;200110;20 a 24 años;Universidades Privadas CRUCH;UNIVERSIDAD CATOLICA DE TEMUCO
938636;2;200307;15 a 19 años;Universidades Privadas CRUCH;UNIVERSIDAD DE LOS ANDES
593516;2;200004;20 a 24 años;Universidades Privadas CRUCH;UNIVERSIDAD AUSTRAL DE CHILE
431806;2;199808;20 a 24 años;Universidades Estatales CRUCH;UNIVERSIDAD DE TARAPACA
425658;2;199810;20 a 24 años;Universidades Privadas;UNIVERSIDAD CATOLICA CARDENAL RAUL SILVA HENRIQUEZ
1074409;2;199911;20 a 24 años;Universidades Privadas;UNIVERSIDAD ACADEMIA DE HUMANISMO CRISTIANO
910882;1;200212;15 a 19 años;Universidades Estatales CRUCH;UNIVERSIDAD DE PLAYA ANCHA DE CIENCIAS DE LA EDUCACION
336565;2;199611;25 a 29 años;Universidades Estatales CRUCH;UNIVERSIDAD ARTURO PRAT
520098;2;199812;20 a 24 años;Universidades Privadas;UNIVERSIDAD CATOLICA CARDENAL RAUL SILVA HENRIQUEZ
204339;2;199303;25 a 29 años;Universidades Privadas;UNIVERSIDAD CATOLICA CARDENAL RAUL SILVA HENRIQUEZ
748222;2;200103;20 a 24 años;Universidades Privadas;UNIVERSIDAD CATOLICA CARDENAL RAUL SILVA HENRIQUEZ
524605;2;200001;20 a 24 años;Universidades Privadas;UNIVERSIDAD AUTONOMA DE CHILE
602091;2;200102;20 a 24 años;Universidades Privadas;UNIVERSIDAD AUTONOMA DE CHILE
1008163;2;200308;15 a 19 años;Universidades Privadas;UNIVERSIDAD FINIS TERRAE
439655;2;199806;20 a 24 años;Universidades Privadas;UNIVERSIDAD AUTONOMA DE CHILE
529985;2;199906;20 a 24 años;Universidades Privadas CRUCH;UNIVERSIDAD CATOLICA DE LA SANTISIMA CONCEPCION
107832;2;198611;35 a 39 años;Universidades Estatales CRUCH;UNIVERSIDAD DE PLAYA ANCHA DE CIENCIAS DE LA EDUCACION
435266;2;199805;20 a 24 años;Universidades Privadas;UNIVERSIDAD DE LAS AMERICAS
819682;2;200110;20 a 24 años;Universidades Estatales CRUCH;UNIVERSIDAD DE TARAPACA
852649;2;200202;20 a 24 años;Universidades Privadas;UNIVERSIDAD SAN SEBASTIAN
807199;2;200201;20 a 24 años;Universidades Privadas;UNIVERSIDAD AUTONOMA DE CHILE
392101;2;199709;20 a 24 años;Universidades Privadas CRUCH;UNIVERSIDAD CATOLICA DE LA SANTISIMA CONCEPCION
231616;1;199312;25 a 29 años;Universidades Privadas;UNIVERSIDAD CATOLICA CARDENAL RAUL SILVA HENRIQUEZ
902574;2;200208;15 a 19 años;Universidades Privadas CRUCH;UNIVERSIDAD AUSTRAL DE CHILE
892895;2;200207;15 a 19 años;Universidades Privadas;UNIVERSIDAD AUTONOMA DE CHILE
603648;2;200007;20 a 24 años;Universidades Privadas;UNIVERSIDAD AUTONOMA DE CHILE
768661;2;200105;20 a 24 años;Universidades Estatales CRUCH;UNIVERSIDAD ARTURO PRAT
605049;2;200002;20 a 24 años;Universidades Privadas CRUCH;UNIVERSIDAD CATOLICA DE TEMUCO
489640;2;199809;20 a 24 años;Universidades Privadas;UNIVERSIDAD AUTONOMA DE CHILE
388320;2;199802;20 a 24 años;Universidades Privadas;UNIVERSIDAD AUTONOMA DE CHILE
1150142;1;199911;20 a 24 años;Universidades Privadas CRUCH;UNIVERSIDAD CATOLICA DE TEMUCO
894846;2;200207;15 a 19 años;Universidades Estatales CRUCH;UNIVERSIDAD DE LOS LAGOS
837753;2;200201;20 a 24 años;Universidades Estatales CRUCH;UNIVERSIDAD DE TARAPACA
1060048;2;200405;15 a 19 años;Universidades Privadas;UNIVERSIDAD SAN SEBASTIAN
167457;1;199106;30 a 34 años;Universidades Privadas;UNIVERSIDAD ACADEMIA DE HUMANISMO CRISTIANO
806405;2;200110;20 a 24 años;Universidades Estatales CRUCH;UNIVERSIDAD DE CHILE
607224;2;199912;20 a 24 años;Universidades Privadas CRUCH;PONTIFICIA UNIVERSIDAD CATOLICA DE VALPARAISO
464582;2;199903;20 a 24 años;Universidades Privadas;UNIVERSIDAD SAN SEBASTIAN
903588;2;200208;15 a 19 años;Universidades Privadas CRUCH;UNIVERSIDAD DE LOS ANDES
207645;2;199306;25 a 29 años;Universidades Estatales CRUCH;UNIVERSIDAD DE CHILE
1203653;2;200002;20 a 24 años;Universidades Estatales CRUCH;UNIVERSIDAD ARTURO PRAT
171187;1;199110;30 a 34 años;Universidades Privadas;UNIVERSIDAD CATOLICA CARDENAL RAUL SILVA HENRIQUEZ
567683;2;199912;20 a 24 años;Universidades Privadas CRUCH;UNIVERSIDAD CATOLICA DEL NORTE
698964;2;200009;20 a 24 años;Universidades Privadas;UNIVERSIDAD CATOLICA CARDENAL RAUL SILVA HENRIQUEZ
200991;1;199202;30 a 34 años;Universidades Privadas CRUCH;UNIVERSIDAD AUSTRAL DE CHILE
205462;2;199306;25 a 29 años;Universidades Estatales CRUCH;UNIVERSIDAD DE TARAPACA
474590;2;199901;20 a 24 años;Universidades Estatales CRUCH;UNIVERSIDAD DE MAGALLANES
193639;2;199204;30 a 34 años;Universidades Privadas;UNIVERSIDAD DE LAS AMERICAS
315889;1;199701;25 a 29 años;Universidades Privadas CRUCH;PONTIFICIA UNIVERSIDAD CATOLICA DE VALPARAISO
632628;2;200001;20 a 24 años;Universidades Privadas;UNIVERSIDAD CATOLICA CARDENAL RAUL SILVA HENRIQUEZ
653417;2;200004;20 a 24 años;Universidades Privadas;UNIVERSIDAD CATOLICA CARDENAL RAUL SILVA HENRIQUEZ
509053;2;199905;20 a 24 años;Universidades Privadas CRUCH;UNIVERSIDAD DE LOS ANDES
212281;1;199302;25 a 29 años;Universidades Privadas;UNIVERSIDAD AUTONOMA DE CHILE
900060;2;200208;15 a 19 años;Universidades Privadas CRUCH;UNIVERSIDAD CATOLICA DE LA SANTISIMA CONCEPCION
718873;2;200101;20 a 24 años;Universidades Estatales CRUCH;UNIVERSIDAD DE CHILE
244478;2;199405;25 a 29 años;Universidades Privadas CRUCH;UNIVERSIDAD CATOLICA DE LA SANTISIMA CONCEPCION
105876;1;200101;20 a 24 años;Universidades Privadas CRUCH;UNIVERSIDAD CATOLICA DE TEMUCO
524633;2;199906;20 a 24 años;Universidades Privadas CRUCH;UNIVERSIDAD CATOLICA DE TEMUCO
687423;2;200105;20 a 24 años;Universidades Privadas CRUCH;UNIVERSIDAD CATOLICA DEL NORTE
650495;2;200007;20 a 24 años;Universidades Privadas;UNIVERSIDAD ACADEMIA DE HUMANISMO CRISTIANO
679431;2;200009;20 a 24 años;Universidades Privadas CRUCH;UNIVERSIDAD CATOLICA DE TEMUCO
160853;2;199112;30 a 34 años;Universidades Estatales CRUCH;UNIVERSIDAD DE TARAPACA
233361;2;199605;25 a 29 años;Universidades Privadas CRUCH;PONTIFICIA UNIVERSIDAD CATOLICA DE VALPARAISO
673444;2;200103;20 a 24 años;Universidades Privadas CRUCH;UNIVERSIDAD CATOLICA DE TEMUCO
394467;2;199712;20 a 24 años;Universidades Estatales CRUCH;UNIVERSIDAD DE O'HIGGINS
507338;2;199909;20 a 24 años;Universidades Privadas CRUCH;UNIVERSIDAD CATOLICA DE TEMUCO
29784;2;197808;40 y m√°s años;Universidades Estatales CRUCH;UNIVERSIDAD DE ANTOFAGASTA
950108;2;200301;15 a 19 años;Universidades Estatales CRUCH;UNIVERSIDAD DE ANTOFAGASTA
756316;2;200103;20 a 24 años;Universidades Estatales CRUCH;UNIVERSIDAD DE PLAYA ANCHA DE CIENCIAS DE LA EDUCACION
670448;2;200007;20 a 24 años;Universidades Estatales CRUCH;UNIVERSIDAD ARTURO PRAT
417528;2;199802;20 a 24 años;Universidades Privadas;UNIVERSIDAD CATOLICA CARDENAL RAUL SILVA HENRIQUEZ
943525;1;200212;15 a 19 años;Universidades Privadas;UNIVERSIDAD AUTONOMA DE CHILE
1152525;2;200006;20 a 24 años;Universidades Privadas;UNIVERSIDAD ACADEMIA DE HUMANISMO CRISTIANO
187145;2;199206;30 a 34 años;Universidades Privadas CRUCH;PONTIFICIA UNIVERSIDAD CATOLICA DE VALPARAISO
159121;2;199105;30 a 34 años;Universidades Estatales CRUCH;UNIVERSIDAD DE ANTOFAGASTA
161711;2;199003;30 a 34 años;Universidades Estatales CRUCH;UNIVERSIDAD DE PLAYA ANCHA DE CIENCIAS DE LA EDUCACION
366036;2;199709;20 a 24 años;Universidades Estatales CRUCH;UNIVERSIDAD DE O'HIGGINS
747765;2;200109;20 a 24 años;Universidades Privadas CRUCH;PONTIFICIA UNIVERSIDAD CATOLICA DE VALPARAISO
624315;2;200007;20 a 24 años;Universidades Estatales CRUCH;UNIVERSIDAD ARTURO PRAT
370850;2;199707;20 a 24 años;Universidades Estatales CRUCH;UNIVERSIDAD DE MAGALLANES
175130;2;199103;30 a 34 años;Universidades Privadas;UNIVERSIDAD BOLIVARIANA
907254;2;200208;15 a 19 años;Universidades Privadas CRUCH;UNIVERSIDAD CATOLICA DE LA SANTISIMA CONCEPCION
1065108;2;200402;15 a 19 años;Universidades Privadas CRUCH;UNIVERSIDAD DE LOS ANDES
345088;1;199708;20 a 24 años;Universidades Estatales CRUCH;UNIVERSIDAD DE TARAPACA
960211;1;200302;15 a 19 años;Universidades Privadas CRUCH;UNIVERSIDAD CATOLICA DE TEMUCO
506269;2;199811;20 a 24 años;Universidades Privadas;UNIVERSIDAD AUTONOMA DE CHILE
899860;2;200208;15 a 19 años;Universidades Estatales CRUCH;UNIVERSIDAD DE LOS LAGOS
648702;2;200012;20 a 24 años;Universidades Privadas;UNIVERSIDAD AUTONOMA DE CHILE
1145404;2;200005;20 a 24 años;Universidades Estatales CRUCH;UNIVERSIDAD DE TARAPACA
510897;2;199905;20 a 24 años;Universidades Privadas CRUCH;UNIVERSIDAD CATOLICA DE LA SANTISIMA CONCEPCION
399903;2;199707;20 a 24 años;Universidades Privadas;UNIVERSIDAD DE LAS AMERICAS
160077;2;199008;30 a 34 años;Universidades Privadas CRUCH;UNIVERSIDAD CATOLICA DE LA SANTISIMA CONCEPCION
547448;2;199908;20 a 24 años;Universidades Estatales CRUCH;UNIVERSIDAD DE O'HIGGINS
987241;2;200305;15 a 19 años;Universidades Privadas;UNIVERSIDAD AUTONOMA DE CHILE
1134580;2;199709;20 a 24 años;Universidades Estatales CRUCH;UNIVERSIDAD DE PLAYA ANCHA DE CIENCIAS DE LA EDUCACION
394617;2;199704;25 a 29 años;Universidades Privadas CRUCH;PONTIFICIA UNIVERSIDAD CATOLICA DE VALPARAISO
709385;2;200101;20 a 24 años;Universidades Privadas CRUCH;UNIVERSIDAD CATOLICA DE LA SANTISIMA CONCEPCION
282317;1;199504;25 a 29 años;Universidades Privadas;UNIVERSIDAD FINIS TERRAE
404973;2;199708;20 a 24 años;Universidades Privadas CRUCH;PONTIFICIA UNIVERSIDAD CATOLICA DE VALPARAISO
776650;2;200107;20 a 24 años;Universidades Estatales CRUCH;UNIVERSIDAD DE MAGALLANES
1107521;2;198901;30 a 34 años;Universidades (* Carrera en Convenio);UNIVERSIDAD CATOLICA DEL MAULE (* CARRERA EN CONVENIO U. ARCIS)
1034965;2;200312;15 a 19 años;Universidades Estatales CRUCH;UNIVERSIDAD DE LOS LAGOS
504689;1;199901;20 a 24 años;Universidades Estatales CRUCH;UNIVERSIDAD DE O'HIGGINS
826121;2;200111;20 a 24 años;Universidades Privadas CRUCH;UNIVERSIDAD CATOLICA DE LA SANTISIMA CONCEPCION
837098;2;200112;20 a 24 años;Universidades Estatales CRUCH;UNIVERSIDAD ARTURO PRAT
728765;2;200102;20 a 24 años;Universidades Estatales CRUCH;UNIVERSIDAD DE O'HIGGINS
845166;2;200201;20 a 24 años;Universidades Estatales CRUCH;UNIVERSIDAD DE CHILE
496330;2;199902;20 a 24 años;Universidades Privadas CRUCH;UNIVERSIDAD DE LOS ANDES
746169;2;200102;20 a 24 años;Universidades Estatales CRUCH;UNIVERSIDAD DE O'HIGGINS
975127;2;200304;15 a 19 años;Universidades Privadas CRUCH;PONTIFICIA UNIVERSIDAD CATOLICA DE VALPARAISO
5784;2;196803;40 y m√°s años;Universidades Privadas;UNIVERSIDAD DE LAS AMERICAS
910667;2;200210;15 a 19 años;Universidades Estatales CRUCH;UNIVERSIDAD DE PLAYA ANCHA DE CIENCIAS DE LA EDUCACION
1071444;1;199907;20 a 24 años;Universidades Estatales CRUCH;UNIVERSIDAD ARTURO PRAT
588522;2;199911;20 a 24 años;Universidades Privadas;UNIVERSIDAD AUTONOMA DE CHILE
1160985;2;200104;20 a 24 años;Universidades Estatales CRUCH;UNIVERSIDAD DE O'HIGGINS
748769;2;200104;20 a 24 años;Universidades Privadas;UNIVERSIDAD CATOLICA CARDENAL RAUL SILVA HENRIQUEZ
1123185;2;199502;25 a 29 años;Universidades Privadas CRUCH;UNIVERSIDAD CATOLICA DE LA SANTISIMA CONCEPCION
757766;2;200108;20 a 24 años;Universidades Privadas;UNIVERSIDAD AUTONOMA DE CHILE
801930;2;200109;20 a 24 años;Universidades Estatales CRUCH;UNIVERSIDAD ARTURO PRAT
600472;2;200007;20 a 24 años;Universidades Estatales CRUCH;UNIVERSIDAD DE O'HIGGINS
433430;1;199805;20 a 24 años;Universidades Privadas CRUCH;PONTIFICIA UNIVERSIDAD CATOLICA DE VALPARAISO
461748;1;199807;20 a 24 años;Universidades Privadas CRUCH;UNIVERSIDAD AUSTRAL DE CHILE
794069;2;200107;20 a 24 años;Universidades Privadas CRUCH;PONTIFICIA UNIVERSIDAD CATOLICA DE VALPARAISO
211638;1;199211;25 a 29 años;Universidades Estatales CRUCH;UNIVERSIDAD DE PLAYA ANCHA DE CIENCIAS DE LA EDUCACION
286122;1;199510;25 a 29 años;Universidades Privadas CRUCH;UNIVERSIDAD CATOLICA DE LA SANTISIMA CONCEPCION
657798;1;200010;20 a 24 años;Universidades Estatales CRUCH;UNIVERSIDAD DE ANTOFAGASTA
1110913;2;199109;30 a 34 años;Universidades Privadas;UNIVERSIDAD DE LAS AMERICAS
596417;2;200003;20 a 24 años;Universidades Estatales CRUCH;UNIVERSIDAD DE CHILE
831273;2;200205;20 a 24 años;Universidades Privadas;UNIVERSIDAD ACADEMIA DE HUMANISMO CRISTIANO
418127;2;199901;20 a 24 años;Universidades Privadas CRUCH;UNIVERSIDAD CATOLICA DE TEMUCO
563891;2;200007;20 a 24 años;Universidades Privadas;UNIVERSIDAD SAN SEBASTIAN
785930;2;200110;20 a 24 años;Universidades Privadas CRUCH;UNIVERSIDAD DE LOS ANDES
327674;2;199608;25 a 29 años;Universidades Estatales CRUCH;UNIVERSIDAD DE TARAPACA
481687;2;199905;20 a 24 años;Universidades Estatales CRUCH;UNIVERSIDAD DE O'HIGGINS
554292;2;199911;20 a 24 años;Universidades Privadas CRUCH;PONTIFICIA UNIVERSIDAD CATOLICA DE VALPARAISO
852327;2;200202;20 a 24 años;Universidades Privadas CRUCH;UNIVERSIDAD CATOLICA DE TEMUCO
939277;2;200211;15 a 19 años;Universidades Privadas;UNIVERSIDAD AUTONOMA DE CHILE
39793;2;198002;40 y m√°s años;Universidades Privadas;UNIVERSIDAD DE LAS AMERICAS
335892;2;199610;25 a 29 años;Universidades Privadas CRUCH;PONTIFICIA UNIVERSIDAD CATOLICA DE VALPARAISO
953565;1;200301;15 a 19 años;Universidades Privadas CRUCH;UNIVERSIDAD CATOLICA DE LA SANTISIMA CONCEPCION
694503;2;200103;20 a 24 años;Universidades Privadas;UNIVERSIDAD AUTONOMA DE CHILE
704274;2;200010;20 a 24 años;Universidades Privadas;UNIVERSIDAD FINIS TERRAE
925198;2;200210;15 a 19 años;Universidades Privadas CRUCH;UNIVERSIDAD CATOLICA DEL NORTE
1131029;2;199902;20 a 24 años;Universidades Estatales CRUCH;UNIVERSIDAD DE PLAYA ANCHA DE CIENCIAS DE LA EDUCACION
251411;2;199411;25 a 29 años;Universidades Privadas CRUCH;UNIVERSIDAD CATOLICA DE LA SANTISIMA CONCEPCION
256187;2;199410;25 a 29 años;Universidades Estatales CRUCH;UNIVERSIDAD DE ANTOFAGASTA
779666;2;200105;20 a 24 años;Universidades Privadas CRUCH;PONTIFICIA UNIVERSIDAD CATOLICA DE VALPARAISO
194130;2;199205;30 a 34 años;Universidades Estatales CRUCH;UNIVERSIDAD DE O'HIGGINS
406823;2;199903;20 a 24 años;Universidades Privadas;UNIVERSIDAD CATOLICA CARDENAL RAUL SILVA HENRIQUEZ
514697;2;199908;20 a 24 años;Universidades Privadas CRUCH;UNIVERSIDAD CATOLICA DEL NORTE
726477;2;200101;20 a 24 años;Universidades Estatales CRUCH;UNIVERSIDAD ARTURO PRAT
396087;2;199706;25 a 29 años;Universidades Privadas;UNIVERSIDAD AUTONOMA DE CHILE
190026;1;199212;25 a 29 años;Universidades Estatales CRUCH;UNIVERSIDAD DE PLAYA ANCHA DE CIENCIAS DE LA EDUCACION
861651;1;200204;20 a 24 años;Universidades Privadas CRUCH;PONTIFICIA UNIVERSIDAD CATOLICA DE VALPARAISO
260112;2;199409;25 a 29 años;Universidades Estatales CRUCH;UNIVERSIDAD ARTURO PRAT
1118454;2;199404;25 a 29 años;Universidades Privadas;UNIVERSIDAD DE LAS AMERICAS
644590;2;200008;20 a 24 años;Universidades Privadas CRUCH;UNIVERSIDAD DE LOS ANDES
397579;2;199706;25 a 29 años;Universidades Estatales CRUCH;UNIVERSIDAD DE CHILE
663982;2;200007;20 a 24 años;Universidades Privadas CRUCH;UNIVERSIDAD CATOLICA DE LA SANTISIMA CONCEPCION
648249;2;200010;20 a 24 años;Universidades Estatales CRUCH;UNIVERSIDAD DE O'HIGGINS
598657;2;199909;20 a 24 años;Universidades Privadas;UNIVERSIDAD FINIS TERRAE
273834;2;199505;25 a 29 años;Universidades Privadas;UNIVERSIDAD AUTONOMA DE CHILE
943552;2;200212;15 a 19 años;Universidades Privadas CRUCH;PONTIFICIA UNIVERSIDAD CATOLICA DE VALPARAISO
116415;2;198712;30 a 34 años;Universidades Privadas;UNIVERSIDAD FINIS TERRAE
1174888;1;200205;20 a 24 años;Universidades Estatales CRUCH;UNIVERSIDAD DE MAGALLANES
830723;2;200210;15 a 19 años;Universidades Privadas CRUCH;UNIVERSIDAD CATOLICA DE TEMUCO
724130;2;200310;15 a 19 años;Universidades Privadas CRUCH;UNIVERSIDAD CATOLICA DE TEMUCO
809530;2;200109;20 a 24 años;Universidades Estatales CRUCH;UNIVERSIDAD DE CHILE
1210257;2;197105;40 y m√°s años;Universidades Estatales CRUCH;UNIVERSIDAD ARTURO PRAT
189678;2;199208;25 a 29 años;Universidades Privadas;UNIVERSIDAD CATOLICA CARDENAL RAUL SILVA HENRIQUEZ
259517;1;199410;25 a 29 años;Universidades Privadas;UNIVERSIDAD AUTONOMA DE CHILE
580244;2;199909;20 a 24 años;Universidades Privadas;UNIVERSIDAD DE LAS AMERICAS
560025;1;199911;20 a 24 años;Universidades Privadas;UNIVERSIDAD AUTONOMA DE CHILE
814062;1;200110;20 a 24 años;Universidades Estatales CRUCH;UNIVERSIDAD DE PLAYA ANCHA DE CIENCIAS DE LA EDUCACION
225960;2;199310;25 a 29 años;Universidades Privadas;UNIVERSIDAD AUTONOMA DE CHILE
1173694;1;200203;20 a 24 años;Universidades Privadas CRUCH;UNIVERSIDAD DE LOS ANDES
565064;2;199909;20 a 24 años;Universidades Privadas;UNIVERSIDAD DE LAS AMERICAS
696548;1;200010;20 a 24 años;Universidades Privadas CRUCH;UNIVERSIDAD AUSTRAL DE CHILE
555088;2;200003;20 a 24 años;Universidades Privadas CRUCH;UNIVERSIDAD CATOLICA DE TEMUCO
367636;2;199712;20 a 24 años;Universidades Privadas CRUCH;UNIVERSIDAD AUSTRAL DE CHILE
632604;2;200001;20 a 24 años;Universidades Privadas;UNIVERSIDAD AUTONOMA DE CHILE
487939;2;199811;20 a 24 años;Universidades Privadas CRUCH;UNIVERSIDAD AUSTRAL DE CHILE
411386;2;199808;20 a 24 años;Universidades Estatales CRUCH;UNIVERSIDAD DE CHILE
822877;2;200111;20 a 24 años;Universidades Estatales CRUCH;UNIVERSIDAD DE O'HIGGINS
637276;2;200006;20 a 24 años;Universidades Privadas CRUCH;UNIVERSIDAD DE LOS ANDES
300134;2;199603;25 a 29 años;Universidades Privadas;UNIVERSIDAD SAN SEBASTIAN
689702;2;200011;20 a 24 años;Universidades Privadas;UNIVERSIDAD CATOLICA CARDENAL RAUL SILVA HENRIQUEZ
650788;2;200002;20 a 24 años;Universidades Privadas CRUCH;PONTIFICIA UNIVERSIDAD CATOLICA DE VALPARAISO
243143;1;199401;25 a 29 años;Universidades Estatales CRUCH;UNIVERSIDAD DE CHILE
528214;2;199905;20 a 24 años;Universidades Privadas CRUCH;UNIVERSIDAD DE LOS ANDES
1048474;2;200403;15 a 19 años;Universidades Privadas CRUCH;UNIVERSIDAD AUSTRAL DE CHILE
274328;2;199508;25 a 29 años;Universidades Privadas CRUCH;UNIVERSIDAD AUSTRAL DE CHILE
736949;2;200105;20 a 24 años;Universidades Privadas CRUCH;UNIVERSIDAD DE LOS ANDES
340580;2;199704;25 a 29 años;Universidades Estatales CRUCH;UNIVERSIDAD DE PLAYA ANCHA DE CIENCIAS DE LA EDUCACION
122575;2;198808;30 a 34 años;Universidades Privadas;UNIVERSIDAD DE LAS AMERICAS
853383;2;200211;15 a 19 años;Universidades Privadas CRUCH;UNIVERSIDAD CATOLICA DE LA SANTISIMA CONCEPCION
573899;1;199908;20 a 24 años;Universidades Privadas CRUCH;UNIVERSIDAD AUSTRAL DE CHILE
681624;2;200008;20 a 24 años;Universidades Privadas;UNIVERSIDAD CATOLICA CARDENAL RAUL SILVA HENRIQUEZ
707155;2;200105;20 a 24 años;Universidades Privadas;UNIVERSIDAD AUTONOMA DE CHILE
558095;2;199908;20 a 24 años;Universidades Privadas CRUCH;UNIVERSIDAD DE LOS ANDES
474441;1;199808;20 a 24 años;Universidades Privadas CRUCH;UNIVERSIDAD AUSTRAL DE CHILE
731219;2;200103;20 a 24 años;Universidades Privadas CRUCH;UNIVERSIDAD DE LOS ANDES
454748;2;199811;20 a 24 años;Universidades Estatales CRUCH;UNIVERSIDAD DE ANTOFAGASTA
394485;2;199809;20 a 24 años;Universidades Privadas;UNIVERSIDAD DE LAS AMERICAS
126199;1;198809;30 a 34 años;Universidades (* Carrera en Convenio);UNIVERSIDAD CATOLICA DEL MAULE (* CARRERA EN CONVENIO U. ARCIS)
415093;2;199709;20 a 24 años;Universidades Privadas CRUCH;UNIVERSIDAD CATOLICA DE LA SANTISIMA CONCEPCION
694200;2;200012;20 a 24 años;Universidades Privadas;UNIVERSIDAD AUTONOMA DE CHILE
520612;2;199907;20 a 24 años;Universidades Privadas;UNIVERSIDAD CATOLICA CARDENAL RAUL SILVA HENRIQUEZ
799826;2;200108;20 a 24 años;Universidades Privadas;UNIVERSIDAD FINIS TERRAE
289979;1;199506;25 a 29 años;Universidades Privadas;UNIVERSIDAD SAN SEBASTIAN
370921;2;199711;20 a 24 años;Universidades Estatales CRUCH;UNIVERSIDAD DE MAGALLANES
363043;1;199809;20 a 24 años;Universidades Privadas;UNIVERSIDAD AUTONOMA DE CHILE
47975;2;197307;40 y m√°s años;Universidades Estatales CRUCH;UNIVERSIDAD DE PLAYA ANCHA DE CIENCIAS DE LA EDUCACION
430296;2;199812;20 a 24 años;Universidades Estatales CRUCH;UNIVERSIDAD DE O'HIGGINS
335902;2;199610;25 a 29 años;Universidades Privadas CRUCH;UNIVERSIDAD CATOLICA DEL NORTE
534765;2;200001;20 a 24 años;Universidades Privadas;UNIVERSIDAD AUTONOMA DE CHILE
711299;2;200009;20 a 24 años;Universidades Privadas;UNIVERSIDAD AUTONOMA DE CHILE
866112;2;200204;20 a 24 años;Universidades Privadas;UNIVERSIDAD CATOLICA CARDENAL RAUL SILVA HENRIQUEZ
878160;2;200205;20 a 24 años;Universidades Estatales CRUCH;UNIVERSIDAD DE O'HIGGINS
623380;2;200005;20 a 24 años;Universidades Privadas;UNIVERSIDAD AUTONOMA DE CHILE
677262;2;200101;20 a 24 años;Universidades Privadas CRUCH;PONTIFICIA UNIVERSIDAD CATOLICA DE VALPARAISO
930148;2;200211;15 a 19 años;Universidades Privadas CRUCH;UNIVERSIDAD CATOLICA DE LA SANTISIMA CONCEPCION
306406;2;199610;25 a 29 años;Universidades Estatales CRUCH;UNIVERSIDAD DE O'HIGGINS
779379;2;200301;15 a 19 años;Universidades Privadas;UNIVERSIDAD FINIS TERRAE
249173;2;199409;25 a 29 años;Universidades Privadas CRUCH;UNIVERSIDAD AUSTRAL DE CHILE
746425;2;200009;20 a 24 años;Universidades Privadas CRUCH;UNIVERSIDAD CATOLICA DE TEMUCO
506320;2;199812;20 a 24 años;Universidades Privadas CRUCH;UNIVERSIDAD CATOLICA DE TEMUCO
755961;2;200104;20 a 24 años;Universidades Estatales CRUCH;UNIVERSIDAD DE PLAYA ANCHA DE CIENCIAS DE LA EDUCACION
248077;2;199407;25 a 29 años;Universidades Estatales CRUCH;UNIVERSIDAD DE PLAYA ANCHA DE CIENCIAS DE LA EDUCACION
407724;2;199703;25 a 29 años;Universidades Estatales CRUCH;UNIVERSIDAD DE CHILE
528907;2;199910;20 a 24 años;Universidades Privadas CRUCH;UNIVERSIDAD DE LOS ANDES
464324;2;199812;20 a 24 años;Universidades Estatales CRUCH;UNIVERSIDAD ARTURO PRAT
138764;2;198905;30 a 34 años;Universidades Estatales CRUCH;UNIVERSIDAD DE O'HIGGINS
271758;2;199502;25 a 29 años;Universidades Privadas;UNIVERSIDAD AUTONOMA DE CHILE
1109163;2;199003;30 a 34 años;Universidades Privadas;UNIVERSIDAD DE LAS AMERICAS
536928;2;199908;20 a 24 años;Universidades Estatales CRUCH;UNIVERSIDAD DE CHILE
432806;1;199711;20 a 24 años;Universidades Estatales CRUCH;UNIVERSIDAD DE PLAYA ANCHA DE CIENCIAS DE LA EDUCACION
406452;2;199807;20 a 24 años;Universidades Privadas;UNIVERSIDAD AUTONOMA DE CHILE
677865;2;200009;20 a 24 años;Universidades Privadas CRUCH;UNIVERSIDAD AUSTRAL DE CHILE
906030;2;200208;15 a 19 años;Universidades Privadas CRUCH;UNIVERSIDAD CATOLICA DEL NORTE
809479;2;200207;15 a 19 años;Universidades Privadas CRUCH;UNIVERSIDAD CATOLICA DE TEMUCO
1014215;2;200309;15 a 19 años;Universidades Privadas CRUCH;UNIVERSIDAD CATOLICA DE LA SANTISIMA CONCEPCION
613280;2;200010;20 a 24 años;Universidades Privadas CRUCH;PONTIFICIA UNIVERSIDAD CATOLICA DE VALPARAISO
835055;2;200111;20 a 24 años;Universidades Privadas CRUCH;UNIVERSIDAD CATOLICA DE LA SANTISIMA CONCEPCION
318433;1;199607;25 a 29 años;Universidades Estatales CRUCH;UNIVERSIDAD DE CHILE
267267;2;198901;30 a 34 años;Universidades Privadas CRUCH;UNIVERSIDAD CATOLICA DE TEMUCO
797260;2;200105;20 a 24 años;Universidades Privadas;UNIVERSIDAD AUTONOMA DE CHILE
1043592;2;200402;15 a 19 años;Universidades Estatales CRUCH;UNIVERSIDAD DE ANTOFAGASTA
428958;2;199805;20 a 24 años;Universidades Privadas CRUCH;UNIVERSIDAD DE LOS ANDES
1095881;2;197904;40 y m√°s años;Universidades Privadas;UNIVERSIDAD DE LAS AMERICAS
508736;2;199905;20 a 24 años;Universidades Privadas;UNIVERSIDAD FINIS TERRAE
660519;2;200011;20 a 24 años;Universidades Estatales CRUCH;UNIVERSIDAD DE PLAYA ANCHA DE CIENCIAS DE LA EDUCACION
358133;2;199702;25 a 29 años;Universidades Privadas;UNIVERSIDAD CATOLICA CARDENAL RAUL SILVA HENRIQUEZ
166825;1;199011;30 a 34 años;Universidades Estatales CRUCH;UNIVERSIDAD DE ANTOFAGASTA
385307;2;199707;20 a 24 años;Universidades Privadas CRUCH;UNIVERSIDAD DE LOS ANDES
258945;2;199408;25 a 29 años;Universidades Privadas CRUCH;UNIVERSIDAD AUSTRAL DE CHILE
220784;2;199304;25 a 29 años;Universidades Privadas CRUCH;UNIVERSIDAD AUSTRAL DE CHILE
30270;2;197809;40 y m√°s años;Universidades Privadas;UNIVERSIDAD CATOLICA CARDENAL RAUL SILVA HENRIQUEZ
229859;2;199402;25 a 29 años;Universidades Privadas;UNIVERSIDAD AUTONOMA DE CHILE
803467;2;200109;20 a 24 años;Universidades Privadas;UNIVERSIDAD CATOLICA CARDENAL RAUL SILVA HENRIQUEZ
137958;2;198809;30 a 34 años;Universidades Estatales CRUCH;UNIVERSIDAD DE PLAYA ANCHA DE CIENCIAS DE LA EDUCACION
541464;2;199903;20 a 24 años;Universidades Privadas;UNIVERSIDAD CATOLICA CARDENAL RAUL SILVA HENRIQUEZ
280702;2;199505;25 a 29 años;Universidades Estatales CRUCH;UNIVERSIDAD DE O'HIGGINS
275321;2;199508;25 a 29 años;Universidades Privadas;UNIVERSIDAD DE LAS AMERICAS
118289;2;198805;30 a 34 años;Universidades Privadas;UNIVERSIDAD DE LAS AMERICAS
772299;2;200106;20 a 24 años;Universidades Estatales CRUCH;UNIVERSIDAD DE CHILE
390819;2;199809;20 a 24 años;Universidades Privadas;UNIVERSIDAD CATOLICA CARDENAL RAUL SILVA HENRIQUEZ
849697;2;200202;20 a 24 años;Universidades Estatales CRUCH;UNIVERSIDAD ARTURO PRAT
554381;2;200111;20 a 24 años;Universidades Privadas CRUCH;PONTIFICIA UNIVERSIDAD CATOLICA DE VALPARAISO
148290;2;200103;20 a 24 años;Universidades Privadas CRUCH;UNIVERSIDAD CATOLICA DE LA SANTISIMA CONCEPCION
659458;2;200004;20 a 24 años;Universidades Estatales CRUCH;UNIVERSIDAD DE PLAYA ANCHA DE CIENCIAS DE LA EDUCACION
173947;2;199103;30 a 34 años;Universidades Estatales CRUCH;UNIVERSIDAD DE TARAPACA
380550;2;199704;25 a 29 años;Universidades Privadas;UNIVERSIDAD SAN SEBASTIAN
147136;1;199004;30 a 34 años;Universidades Privadas CRUCH;UNIVERSIDAD AUSTRAL DE CHILE
344858;1;199705;25 a 29 años;Universidades Estatales CRUCH;UNIVERSIDAD DE TARAPACA
243678;2;199406;25 a 29 años;Universidades Privadas CRUCH;UNIVERSIDAD AUSTRAL DE CHILE
644330;2;200012;20 a 24 años;Universidades Privadas CRUCH;UNIVERSIDAD DE LOS ANDES
988246;2;200305;15 a 19 años;Universidades Privadas CRUCH;UNIVERSIDAD CATOLICA DE TEMUCO
593183;2;199908;20 a 24 años;Universidades Privadas CRUCH;UNIVERSIDAD AUSTRAL DE CHILE
450539;2;199804;20 a 24 años;Universidades Privadas CRUCH;PONTIFICIA UNIVERSIDAD CATOLICA DE VALPARAISO
442358;2;199802;20 a 24 años;Universidades Privadas CRUCH;UNIVERSIDAD CATOLICA DE LA SANTISIMA CONCEPCION
107448;2;198702;35 a 39 años;Universidades Privadas CRUCH;UNIVERSIDAD AUSTRAL DE CHILE
476352;2;199812;20 a 24 años;Universidades Privadas CRUCH;UNIVERSIDAD CATOLICA DE LA SANTISIMA CONCEPCION
85501;2;198408;35 a 39 años;Universidades Privadas;UNIVERSIDAD CATOLICA CARDENAL RAUL SILVA HENRIQUEZ
751807;2;200102;20 a 24 años;Universidades Privadas CRUCH;PONTIFICIA UNIVERSIDAD CATOLICA DE VALPARAISO
382833;2;199704;25 a 29 años;Universidades Privadas CRUCH;UNIVERSIDAD AUSTRAL DE CHILE
412385;2;199709;20 a 24 años;Universidades Privadas;UNIVERSIDAD CATOLICA CARDENAL RAUL SILVA HENRIQUEZ
341589;2;199607;25 a 29 años;Universidades Privadas CRUCH;PONTIFICIA UNIVERSIDAD CATOLICA DE VALPARAISO
785383;2;200109;20 a 24 años;Universidades Privadas CRUCH;UNIVERSIDAD DE LOS ANDES
611531;2;199911;20 a 24 años;Universidades Estatales CRUCH;UNIVERSIDAD DE O'HIGGINS
666884;2;199907;20 a 24 años;Universidades Estatales CRUCH;UNIVERSIDAD DE O'HIGGINS
674375;2;200006;20 a 24 años;Universidades Estatales CRUCH;UNIVERSIDAD DE CHILE
410609;2;199808;20 a 24 años;Universidades Privadas CRUCH;UNIVERSIDAD CATOLICA DE TEMUCO
248365;2;199503;25 a 29 años;Universidades Privadas CRUCH;PONTIFICIA UNIVERSIDAD CATOLICA DE VALPARAISO
1076053;1;198706;35 a 39 años;Universidades Privadas;UNIVERSIDAD DE LAS AMERICAS
207666;1;199308;25 a 29 años;Universidades Estatales CRUCH;UNIVERSIDAD DE CHILE
277807;2;199507;25 a 29 años;Universidades Privadas;UNIVERSIDAD AUTONOMA DE CHILE
625411;2;200003;20 a 24 años;Universidades Privadas;UNIVERSIDAD CATOLICA CARDENAL RAUL SILVA HENRIQUEZ
275016;2;199504;25 a 29 años;Universidades Estatales CRUCH;UNIVERSIDAD DE CHILE
634449;2;199912;20 a 24 años;Universidades Estatales CRUCH;UNIVERSIDAD DE CHILE
435272;2;199805;20 a 24 años;Universidades Privadas CRUCH;UNIVERSIDAD DE LOS ANDES
803129;2;200109;20 a 24 años;Universidades Privadas;UNIVERSIDAD FINIS TERRAE
546498;2;199907;20 a 24 años;Universidades Privadas CRUCH;UNIVERSIDAD CATOLICA DEL NORTE
257474;1;199411;25 a 29 años;Universidades Estatales CRUCH;UNIVERSIDAD DE LOS LAGOS
172943;1;199108;30 a 34 años;Universidades Privadas;UNIVERSIDAD SAN SEBASTIAN
587722;2;199909;20 a 24 años;Universidades Estatales CRUCH;UNIVERSIDAD DE O'HIGGINS
360992;2;199707;20 a 24 años;Universidades Privadas;UNIVERSIDAD AUTONOMA DE CHILE
630701;2;200006;20 a 24 años;Universidades Privadas CRUCH;UNIVERSIDAD CATOLICA DEL NORTE
210269;2;199210;25 a 29 años;Universidades Privadas;UNIVERSIDAD DE LAS AMERICAS
991402;1;200306;15 a 19 años;Universidades Privadas CRUCH;UNIVERSIDAD CATOLICA DE TEMUCO
947273;2;200212;15 a 19 años;Universidades Estatales CRUCH;UNIVERSIDAD DE O'HIGGINS
606278;2;200010;20 a 24 años;Universidades Privadas CRUCH;UNIVERSIDAD CATOLICA DE TEMUCO
350541;1;199702;25 a 29 años;Universidades Privadas CRUCH;UNIVERSIDAD CATOLICA DE LA SANTISIMA CONCEPCION
1062680;2;200406;15 a 19 años;Universidades Estatales CRUCH;UNIVERSIDAD DE MAGALLANES
940887;2;200212;15 a 19 años;Universidades Privadas CRUCH;UNIVERSIDAD DE LOS ANDES
1134972;1;199712;20 a 24 años;Universidades Privadas CRUCH;UNIVERSIDAD CATOLICA DEL NORTE
411582;2;199801;20 a 24 años;Universidades Privadas CRUCH;UNIVERSIDAD CATOLICA DE LA SANTISIMA CONCEPCION
705460;1;200102;20 a 24 años;Universidades Estatales CRUCH;UNIVERSIDAD DE CHILE
690056;2;200103;20 a 24 años;Universidades Privadas;UNIVERSIDAD DE LAS AMERICAS
933163;2;200211;15 a 19 años;Universidades Privadas CRUCH;PONTIFICIA UNIVERSIDAD CATOLICA DE VALPARAISO
814362;2;200110;20 a 24 años;Universidades Privadas;UNIVERSIDAD AUTONOMA DE CHILE
979549;1;200303;15 a 19 años;Universidades Estatales CRUCH;UNIVERSIDAD DE TARAPACA
323447;2;199610;25 a 29 años;Universidades Privadas CRUCH;UNIVERSIDAD CATOLICA DE TEMUCO
455710;1;199804;20 a 24 años;Universidades Privadas;UNIVERSIDAD CATOLICA CARDENAL RAUL SILVA HENRIQUEZ
185468;2;199103;30 a 34 años;Universidades Privadas CRUCH;UNIVERSIDAD CATOLICA DE TEMUCO
945373;2;200210;15 a 19 años;Universidades Privadas CRUCH;UNIVERSIDAD CATOLICA DE TEMUCO
345619;2;199802;20 a 24 años;Universidades Estatales CRUCH;UNIVERSIDAD DE TARAPACA
884779;2;200206;20 a 24 años;Universidades Privadas CRUCH;UNIVERSIDAD CATOLICA DE TEMUCO
1015142;2;200309;15 a 19 años;Universidades Estatales CRUCH;UNIVERSIDAD DE PLAYA ANCHA DE CIENCIAS DE LA EDUCACION
229623;2;199405;25 a 29 años;Universidades Privadas;UNIVERSIDAD AUTONOMA DE CHILE
120170;2;198806;30 a 34 años;Universidades Privadas CRUCH;UNIVERSIDAD CATOLICA DE LA SANTISIMA CONCEPCION
244966;2;199409;25 a 29 años;Universidades Privadas;UNIVERSIDAD AUTONOMA DE CHILE
694421;2;200102;20 a 24 años;Universidades Privadas;UNIVERSIDAD AUTONOMA DE CHILE
808538;2;200203;20 a 24 años;Universidades Privadas CRUCH;UNIVERSIDAD AUSTRAL DE CHILE
729220;2;200105;20 a 24 años;Universidades Estatales CRUCH;UNIVERSIDAD DE O'HIGGINS
702739;2;200010;20 a 24 años;Universidades Privadas;UNIVERSIDAD AUTONOMA DE CHILE
721281;2;200012;20 a 24 años;Universidades Estatales CRUCH;UNIVERSIDAD DE O'HIGGINS
1176921;2;200206;20 a 24 años;Universidades Privadas CRUCH;UNIVERSIDAD CATOLICA DE LA SANTISIMA CONCEPCION
512519;2;199901;20 a 24 años;Universidades Privadas;UNIVERSIDAD SAN SEBASTIAN
404491;2;199712;20 a 24 años;Universidades Privadas;UNIVERSIDAD FINIS TERRAE
737907;2;200107;20 a 24 años;Universidades Privadas CRUCH;UNIVERSIDAD DE LOS ANDES
732221;2;200106;20 a 24 años;Universidades Privadas CRUCH;UNIVERSIDAD DE LOS ANDES
697397;2;200009;20 a 24 años;Universidades Privadas;UNIVERSIDAD CATOLICA CARDENAL RAUL SILVA HENRIQUEZ
745849;2;200102;20 a 24 años;Universidades Privadas CRUCH;UNIVERSIDAD CATOLICA DE LA SANTISIMA CONCEPCION
947578;2;200212;15 a 19 años;Universidades Estatales CRUCH;UNIVERSIDAD DE O'HIGGINS
481690;1;199904;20 a 24 años;Universidades Estatales CRUCH;UNIVERSIDAD DE O'HIGGINS
260750;1;199409;25 a 29 años;Universidades Privadas CRUCH;PONTIFICIA UNIVERSIDAD CATOLICA DE VALPARAISO
775128;2;200106;20 a 24 años;Universidades Privadas;UNIVERSIDAD SAN SEBASTIAN
780501;2;200202;20 a 24 años;Universidades Privadas CRUCH;PONTIFICIA UNIVERSIDAD CATOLICA DE VALPARAISO
786591;2;200112;20 a 24 años;Universidades Estatales CRUCH;UNIVERSIDAD DE CHILE
1100479;2;198306;35 a 39 años;Universidades Privadas;UNIVERSIDAD DE LAS AMERICAS
637565;2;200007;20 a 24 años;Universidades Privadas CRUCH;UNIVERSIDAD DE LOS ANDES
402688;2;199711;20 a 24 años;Universidades Privadas CRUCH;UNIVERSIDAD CATOLICA DE TEMUCO
210456;1;199301;25 a 29 años;Universidades Privadas;UNIVERSIDAD ACADEMIA DE HUMANISMO CRISTIANO
1126880;2;199606;25 a 29 años;Universidades Privadas CRUCH;UNIVERSIDAD DE LOS ANDES
439437;2;199805;20 a 24 años;Universidades Privadas;UNIVERSIDAD AUTONOMA DE CHILE
567988;1;200004;20 a 24 años;Universidades Estatales CRUCH;UNIVERSIDAD DE ANTOFAGASTA
698687;2;200110;20 a 24 años;Universidades Privadas;UNIVERSIDAD AUTONOMA DE CHILE
1113802;2;199204;30 a 34 años;Universidades Privadas;UNIVERSIDAD DE LAS AMERICAS
814151;2;200110;20 a 24 años;Universidades Estatales CRUCH;UNIVERSIDAD ARTURO PRAT
275510;2;199601;25 a 29 años;Universidades Estatales CRUCH;UNIVERSIDAD DE PLAYA ANCHA DE CIENCIAS DE LA EDUCACION
518344;2;199912;20 a 24 años;Universidades Privadas CRUCH;PONTIFICIA UNIVERSIDAD CATOLICA DE VALPARAISO
634365;2;200001;20 a 24 años;Universidades Estatales CRUCH;UNIVERSIDAD DE CHILE
494311;2;199904;20 a 24 años;Universidades Privadas;UNIVERSIDAD AUTONOMA DE CHILE
676972;2;200104;20 a 24 años;Universidades Privadas;UNIVERSIDAD AUTONOMA DE CHILE
928896;2;200210;15 a 19 años;Universidades Privadas;UNIVERSIDAD FINIS TERRAE
189958;2;199210;25 a 29 años;Universidades Estatales CRUCH;UNIVERSIDAD DE O'HIGGINS
82501;1;198410;35 a 39 años;Universidades Privadas;UNIVERSIDAD DE LAS AMERICAS
327350;2;199612;25 a 29 años;Universidades Estatales CRUCH;UNIVERSIDAD DE PLAYA ANCHA DE CIENCIAS DE LA EDUCACION
707023;2;200012;20 a 24 años;Universidades Estatales CRUCH;UNIVERSIDAD DE O'HIGGINS
473920;1;199812;20 a 24 años;Universidades Privadas;UNIVERSIDAD AUTONOMA DE CHILE
463474;2;199807;20 a 24 años;Universidades Estatales CRUCH;UNIVERSIDAD ARTURO PRAT
1162948;2;200104;20 a 24 años;Universidades Privadas CRUCH;UNIVERSIDAD CATOLICA DEL NORTE
918525;1;200209;15 a 19 años;Universidades Privadas;UNIVERSIDAD AUTONOMA DE CHILE
533380;2;200001;20 a 24 años;Universidades Estatales CRUCH;UNIVERSIDAD DE PLAYA ANCHA DE CIENCIAS DE LA EDUCACION
840708;1;200201;20 a 24 años;Universidades Estatales CRUCH;UNIVERSIDAD DE O'HIGGINS
1092876;2;196711;40 y m√°s años;Universidades Privadas;UNIVERSIDAD DE LAS AMERICAS
308047;2;199512;25 a 29 años;Universidades Estatales CRUCH;UNIVERSIDAD DE PLAYA ANCHA DE CIENCIAS DE LA EDUCACION
241235;2;199407;25 a 29 años;Universidades Estatales CRUCH;UNIVERSIDAD DE PLAYA ANCHA DE CIENCIAS DE LA EDUCACION
259433;1;199407;25 a 29 años;Universidades Privadas CRUCH;UNIVERSIDAD AUSTRAL DE CHILE
576172;2;199906;20 a 24 años;Universidades Privadas CRUCH;UNIVERSIDAD DE LOS ANDES
905089;2;200208;15 a 19 años;Universidades Privadas CRUCH;UNIVERSIDAD CATOLICA DE LA SANTISIMA CONCEPCION
673377;2;200102;20 a 24 años;Universidades Privadas CRUCH;UNIVERSIDAD CATOLICA DE TEMUCO
1117930;1;199306;25 a 29 años;Universidades Privadas;UNIVERSIDAD DE LAS AMERICAS
1193395;2;200406;15 a 19 años;Universidades Privadas CRUCH;PONTIFICIA UNIVERSIDAD CATOLICA DE VALPARAISO
807787;2;200110;20 a 24 años;Universidades Privadas;UNIVERSIDAD AUTONOMA DE CHILE
589784;2;200001;20 a 24 años;Universidades Privadas CRUCH;PONTIFICIA UNIVERSIDAD CATOLICA DE VALPARAISO
601958;2;200005;20 a 24 años;Universidades Privadas;UNIVERSIDAD SAN SEBASTIAN
1210175;2;194801;40 y m√°s años;Universidades Privadas;UNIVERSIDAD BOLIVARIANA
399346;1;199710;20 a 24 años;Universidades Privadas;UNIVERSIDAD FINIS TERRAE
538377;2;199907;20 a 24 años;Universidades Privadas;UNIVERSIDAD AUTONOMA DE CHILE
131934;2;198805;30 a 34 años;Universidades Privadas;UNIVERSIDAD AUTONOMA DE CHILE
576183;2;199905;20 a 24 años;Universidades Privadas CRUCH;UNIVERSIDAD DE LOS ANDES
677624;2;200405;15 a 19 años;Universidades Privadas CRUCH;UNIVERSIDAD AUSTRAL DE CHILE
859800;2;200201;20 a 24 años;Universidades Privadas CRUCH;UNIVERSIDAD CATOLICA DE LA SANTISIMA CONCEPCION
561201;1;199904;20 a 24 años;Universidades Estatales CRUCH;UNIVERSIDAD ARTURO PRAT
510596;2;199901;20 a 24 años;Universidades Privadas CRUCH;PONTIFICIA UNIVERSIDAD CATOLICA DE VALPARAISO
593616;2;200006;20 a 24 años;Universidades Privadas CRUCH;UNIVERSIDAD AUSTRAL DE CHILE
52615;2;198808;30 a 34 años;Universidades Privadas CRUCH;UNIVERSIDAD AUSTRAL DE CHILE
34414;2;197909;40 y m√°s años;Universidades Privadas;UNIVERSIDAD CATOLICA CARDENAL RAUL SILVA HENRIQUEZ
504972;2;199903;20 a 24 años;Universidades Privadas;UNIVERSIDAD DE LAS AMERICAS
658139;2;200009;20 a 24 años;Universidades Privadas;UNIVERSIDAD CATOLICA CARDENAL RAUL SILVA HENRIQUEZ
22636;2;197606;40 y m√°s años;Universidades Privadas;UNIVERSIDAD CATOLICA CARDENAL RAUL SILVA HENRIQUEZ
418300;2;199805;20 a 24 años;Universidades Privadas;UNIVERSIDAD AUTONOMA DE CHILE
1093792;2;197212;40 y m√°s años;Universidades Privadas;UNIVERSIDAD DE LAS AMERICAS
270272;2;199503;25 a 29 años;Universidades Privadas;UNIVERSIDAD SAN SEBASTIAN
605344;2;200004;20 a 24 años;Universidades Privadas CRUCH;UNIVERSIDAD CATOLICA DE TEMUCO
112623;2;198601;35 a 39 años;Universidades Privadas;UNIVERSIDAD BOLIVARIANA
659781;2;200105;20 a 24 años;Universidades Estatales CRUCH;UNIVERSIDAD DE PLAYA ANCHA DE CIENCIAS DE LA EDUCACION
653639;1;200004;20 a 24 años;Universidades Privadas;UNIVERSIDAD ACADEMIA DE HUMANISMO CRISTIANO
379783;2;199904;20 a 24 años;Universidades Privadas CRUCH;PONTIFICIA UNIVERSIDAD CATOLICA DE VALPARAISO
756768;2;200104;20 a 24 años;Universidades Privadas CRUCH;UNIVERSIDAD CATOLICA DE TEMUCO
680340;2;200009;20 a 24 años;Universidades Estatales CRUCH;UNIVERSIDAD DE PLAYA ANCHA DE CIENCIAS DE LA EDUCACION
577498;2;199909;20 a 24 años;Universidades Privadas CRUCH;UNIVERSIDAD DE LOS ANDES
167715;2;199007;30 a 34 años;Universidades Privadas;UNIVERSIDAD CATOLICA CARDENAL RAUL SILVA HENRIQUEZ
421230;2;199801;20 a 24 años;Universidades Privadas;UNIVERSIDAD AUTONOMA DE CHILE
459720;2;199812;20 a 24 años;Universidades Privadas CRUCH;UNIVERSIDAD AUSTRAL DE CHILE
738991;2;200112;20 a 24 años;Universidades Privadas CRUCH;UNIVERSIDAD CATOLICA DE LA SANTISIMA CONCEPCION
883654;2;200206;20 a 24 años;Universidades Privadas CRUCH;UNIVERSIDAD AUSTRAL DE CHILE
303100;2;199610;25 a 29 años;Universidades Privadas;UNIVERSIDAD CATOLICA CARDENAL RAUL SILVA HENRIQUEZ
1026063;1;200311;15 a 19 años;Universidades Estatales CRUCH;UNIVERSIDAD DE O'HIGGINS
335877;1;199610;25 a 29 años;Universidades Estatales CRUCH;UNIVERSIDAD DE TARAPACA
223436;2;199312;25 a 29 años;Universidades Privadas CRUCH;UNIVERSIDAD CATOLICA DEL NORTE
974740;2;200303;15 a 19 años;Universidades Estatales CRUCH;UNIVERSIDAD DE O'HIGGINS
489138;2;199901;20 a 24 años;Universidades Privadas;UNIVERSIDAD DE LAS AMERICAS
582692;2;199908;20 a 24 años;Universidades Estatales CRUCH;UNIVERSIDAD DE MAGALLANES
611823;2;200001;20 a 24 años;Universidades Estatales CRUCH;UNIVERSIDAD DE O'HIGGINS
287237;1;199607;25 a 29 años;Universidades Privadas;UNIVERSIDAD AUTONOMA DE CHILE
615341;2;200001;20 a 24 años;Universidades Privadas;UNIVERSIDAD CATOLICA CARDENAL RAUL SILVA HENRIQUEZ
391709;2;199802;20 a 24 años;Universidades Estatales CRUCH;UNIVERSIDAD ARTURO PRAT
1115958;2;199305;25 a 29 años;Universidades Estatales CRUCH;UNIVERSIDAD DE LOS LAGOS
714147;2;200010;20 a 24 años;Universidades Privadas CRUCH;UNIVERSIDAD AUSTRAL DE CHILE
341768;2;199610;25 a 29 años;Universidades Privadas;UNIVERSIDAD AUTONOMA DE CHILE
465008;2;199809;20 a 24 años;Universidades Estatales CRUCH;UNIVERSIDAD DE PLAYA ANCHA DE CIENCIAS DE LA EDUCACION
451395;2;199810;20 a 24 años;Universidades Privadas;UNIVERSIDAD SAN SEBASTIAN
455257;2;199802;20 a 24 años;Universidades Privadas;UNIVERSIDAD CATOLICA CARDENAL RAUL SILVA HENRIQUEZ
445002;2;199809;20 a 24 años;Universidades Privadas;UNIVERSIDAD CATOLICA CARDENAL RAUL SILVA HENRIQUEZ
680219;2;200008;20 a 24 años;Universidades Privadas CRUCH;PONTIFICIA UNIVERSIDAD CATOLICA DE VALPARAISO
508471;2;199904;20 a 24 años;Universidades Privadas;UNIVERSIDAD SAN SEBASTIAN
64045;2;198108;40 y m√°s años;Universidades Privadas;UNIVERSIDAD DE LAS AMERICAS
744168;2;200105;20 a 24 años;Universidades Privadas CRUCH;UNIVERSIDAD CATOLICA DE LA SANTISIMA CONCEPCION
149883;1;199006;30 a 34 años;Universidades Estatales CRUCH;UNIVERSIDAD DE PLAYA ANCHA DE CIENCIAS DE LA EDUCACION
421135;2;199801;20 a 24 años;Universidades Privadas;UNIVERSIDAD FINIS TERRAE
389589;2;199706;25 a 29 años;Universidades Privadas;UNIVERSIDAD AUTONOMA DE CHILE
674942;2;200010;20 a 24 años;Universidades Privadas CRUCH;UNIVERSIDAD CATOLICA DE LA SANTISIMA CONCEPCION
185300;2;199204;30 a 34 años;Universidades Estatales CRUCH;UNIVERSIDAD DE O'HIGGINS
363132;2;199701;25 a 29 años;Universidades Privadas CRUCH;PONTIFICIA UNIVERSIDAD CATOLICA DE VALPARAISO
1004042;2;200308;15 a 19 años;Universidades Estatales CRUCH;UNIVERSIDAD DE CHILE
400690;2;199709;20 a 24 años;Universidades Privadas;UNIVERSIDAD CATOLICA CARDENAL RAUL SILVA HENRIQUEZ
693159;2;200206;20 a 24 años;Universidades Privadas;UNIVERSIDAD AUTONOMA DE CHILE
1147035;1;200007;20 a 24 años;Universidades Estatales CRUCH;UNIVERSIDAD DE ANTOFAGASTA
102697;2;198604;35 a 39 años;Universidades Privadas;UNIVERSIDAD DE LAS AMERICAS
598881;2;199911;20 a 24 años;Universidades Privadas;UNIVERSIDAD CATOLICA CARDENAL RAUL SILVA HENRIQUEZ
1046278;2;200402;15 a 19 años;Universidades Estatales CRUCH;UNIVERSIDAD DE CHILE
612970;2;200008;20 a 24 años;Universidades Estatales CRUCH;UNIVERSIDAD DE O'HIGGINS
286180;2;199510;25 a 29 años;Universidades Privadas CRUCH;UNIVERSIDAD CATOLICA DE LA SANTISIMA CONCEPCION
858488;2;200203;20 a 24 años;Universidades Estatales CRUCH;UNIVERSIDAD DE CHILE
422451;2;199810;20 a 24 años;Universidades Privadas CRUCH;UNIVERSIDAD CATOLICA DE LA SANTISIMA CONCEPCION
578009;2;199910;20 a 24 años;Universidades Privadas CRUCH;UNIVERSIDAD DE LOS ANDES
510308;2;199909;20 a 24 años;Universidades Privadas;UNIVERSIDAD FINIS TERRAE
1156700;2;200011;20 a 24 años;Universidades Privadas CRUCH;UNIVERSIDAD CATOLICA DEL NORTE
40161;1;198001;40 y m√°s años;Universidades Privadas;UNIVERSIDAD DE LAS AMERICAS
581732;2;199911;20 a 24 años;Universidades Privadas CRUCH;UNIVERSIDAD AUSTRAL DE CHILE
1101360;1;198406;35 a 39 años;Universidades Privadas;UNIVERSIDAD DE LAS AMERICAS
589755;2;199912;20 a 24 años;Universidades Estatales CRUCH;UNIVERSIDAD DE CHILE
931954;2;200211;15 a 19 años;Universidades Estatales CRUCH;UNIVERSIDAD DE O'HIGGINS
665776;2;200101;20 a 24 años;Universidades Privadas CRUCH;UNIVERSIDAD AUSTRAL DE CHILE
823204;2;200111;20 a 24 años;Universidades Privadas CRUCH;PONTIFICIA UNIVERSIDAD CATOLICA DE VALPARAISO
363673;1;199707;20 a 24 años;Universidades Estatales CRUCH;UNIVERSIDAD DE O'HIGGINS
609912;2;199910;20 a 24 años;Universidades Privadas;UNIVERSIDAD SAN SEBASTIAN
233941;2;199309;25 a 29 años;Universidades Privadas;UNIVERSIDAD DE LAS AMERICAS
139547;2;198904;30 a 34 años;Universidades Estatales CRUCH;UNIVERSIDAD DE PLAYA ANCHA DE CIENCIAS DE LA EDUCACION
690902;2;200007;20 a 24 años;Universidades Estatales CRUCH;UNIVERSIDAD DE MAGALLANES
509219;2;199907;20 a 24 años;Universidades Privadas;UNIVERSIDAD SAN SEBASTIAN
664359;2;200008;20 a 24 años;Universidades Privadas CRUCH;UNIVERSIDAD CATOLICA DE LA SANTISIMA CONCEPCION
335016;2;199607;25 a 29 años;Universidades Estatales CRUCH;UNIVERSIDAD DE CHILE
1114195;1;199209;25 a 29 años;Universidades Privadas;UNIVERSIDAD DE LAS AMERICAS
256330;2;199410;25 a 29 años;Universidades Privadas;UNIVERSIDAD DE LAS AMERICAS
192671;2;199207;25 a 29 años;Universidades Privadas;UNIVERSIDAD CATOLICA CARDENAL RAUL SILVA HENRIQUEZ
1152693;2;200009;20 a 24 años;Universidades Privadas CRUCH;UNIVERSIDAD CATOLICA DE LA SANTISIMA CONCEPCION
803826;2;200109;20 a 24 años;Universidades Privadas CRUCH;PONTIFICIA UNIVERSIDAD CATOLICA DE VALPARAISO
953981;2;200301;15 a 19 años;Universidades Privadas CRUCH;UNIVERSIDAD CATOLICA DE LA SANTISIMA CONCEPCION
537309;2;199909;20 a 24 años;Universidades Privadas CRUCH;PONTIFICIA UNIVERSIDAD CATOLICA DE VALPARAISO
480376;2;199812;20 a 24 años;Universidades Estatales CRUCH;UNIVERSIDAD DE O'HIGGINS
579340;2;199912;20 a 24 años;Universidades Privadas CRUCH;UNIVERSIDAD DE LOS ANDES
674686;2;200008;20 a 24 años;Universidades Privadas CRUCH;UNIVERSIDAD CATOLICA DE LA SANTISIMA CONCEPCION
1149138;2;200003;20 a 24 años;Universidades Privadas;UNIVERSIDAD DE LAS AMERICAS
567411;2;199909;20 a 24 años;Universidades Privadas CRUCH;UNIVERSIDAD CATOLICA DEL NORTE
405412;2;199806;20 a 24 años;Universidades Estatales CRUCH;UNIVERSIDAD DE PLAYA ANCHA DE CIENCIAS DE LA EDUCACION
461566;2;199903;20 a 24 años;Universidades Privadas CRUCH;UNIVERSIDAD CATOLICA DEL NORTE
615300;2;199912;20 a 24 años;Universidades Privadas;UNIVERSIDAD DE LAS AMERICAS
137130;1;198903;30 a 34 años;Universidades Privadas CRUCH;UNIVERSIDAD DE LOS ANDES
166843;2;199105;30 a 34 años;Universidades Privadas CRUCH;UNIVERSIDAD CATOLICA DEL NORTE
179169;2;199203;30 a 34 años;Universidades Privadas CRUCH;UNIVERSIDAD CATOLICA DE TEMUCO
638072;2;200009;20 a 24 años;Universidades Privadas CRUCH;UNIVERSIDAD DE LOS ANDES
656614;2;200007;20 a 24 años;Universidades Privadas CRUCH;UNIVERSIDAD DE LOS ANDES
1007519;2;200308;15 a 19 años;Universidades Privadas CRUCH;UNIVERSIDAD CATOLICA DE TEMUCO
1063718;1;200406;15 a 19 años;Universidades Privadas;UNIVERSIDAD AUTONOMA DE CHILE
389998;2;199709;20 a 24 años;Universidades Privadas CRUCH;UNIVERSIDAD CATOLICA DE LA SANTISIMA CONCEPCION
213287;2;199305;25 a 29 años;Universidades Estatales CRUCH;UNIVERSIDAD DE O'HIGGINS
1144598;2;199907;20 a 24 años;Universidades Privadas CRUCH;UNIVERSIDAD CATOLICA DE LA SANTISIMA CONCEPCION
602000;2;200008;20 a 24 años;Universidades Privadas CRUCH;UNIVERSIDAD CATOLICA DE TEMUCO
521212;2;199906;20 a 24 años;Universidades Estatales CRUCH;UNIVERSIDAD DE O'HIGGINS
426664;2;199803;20 a 24 años;Universidades Estatales CRUCH;UNIVERSIDAD DE O'HIGGINS
597986;2;199912;20 a 24 años;Universidades Privadas;UNIVERSIDAD ACADEMIA DE HUMANISMO CRISTIANO
1199888;2;200212;15 a 19 años;Universidades Privadas;UNIVERSIDAD AUTONOMA DE CHILE
451375;1;199810;20 a 24 años;Universidades Privadas;UNIVERSIDAD SAN SEBASTIAN
620882;2;200005;20 a 24 años;Universidades Privadas;UNIVERSIDAD CATOLICA CARDENAL RAUL SILVA HENRIQUEZ
1044106;2;200402;15 a 19 años;Universidades Privadas;UNIVERSIDAD AUTONOMA DE CHILE
190857;1;199211;25 a 29 años;Universidades Privadas CRUCH;UNIVERSIDAD AUSTRAL DE CHILE
766375;2;200105;20 a 24 años;Universidades Privadas;UNIVERSIDAD AUTONOMA DE CHILE
70305;2;198305;35 a 39 años;Universidades Estatales CRUCH;UNIVERSIDAD DE CHILE
101972;2;198612;35 a 39 años;Universidades Estatales CRUCH;UNIVERSIDAD DE TARAPACA
1137933;2;199805;20 a 24 años;Universidades Privadas;UNIVERSIDAD DE LAS AMERICAS
492355;1;199811;20 a 24 años;Universidades Privadas CRUCH;UNIVERSIDAD AUSTRAL DE CHILE
880133;2;200210;15 a 19 años;Universidades Estatales CRUCH;UNIVERSIDAD DE LOS LAGOS
1056258;2;200404;15 a 19 años;Universidades Estatales CRUCH;UNIVERSIDAD DE O'HIGGINS
743528;2;200104;20 a 24 años;Universidades Privadas CRUCH;UNIVERSIDAD CATOLICA DE LA SANTISIMA CONCEPCION
660933;1;200005;20 a 24 años;Universidades Privadas CRUCH;PONTIFICIA UNIVERSIDAD CATOLICA DE VALPARAISO
320819;1;199612;25 a 29 años;Universidades Estatales CRUCH;UNIVERSIDAD DE TARAPACA
659555;2;200005;20 a 24 años;Universidades Privadas CRUCH;PONTIFICIA UNIVERSIDAD CATOLICA DE VALPARAISO
706709;2;200008;20 a 24 años;Universidades Privadas;UNIVERSIDAD SAN SEBASTIAN
409034;2;199803;20 a 24 años;Universidades Privadas CRUCH;UNIVERSIDAD AUSTRAL DE CHILE
77652;2;198308;35 a 39 años;Universidades Privadas;UNIVERSIDAD DE LAS AMERICAS
198492;2;199209;25 a 29 años;Universidades Estatales CRUCH;UNIVERSIDAD DE CHILE
242232;2;199210;25 a 29 años;Universidades Privadas CRUCH;UNIVERSIDAD CATOLICA DE TEMUCO
477054;2;199812;20 a 24 años;Universidades Privadas CRUCH;PONTIFICIA UNIVERSIDAD CATOLICA DE VALPARAISO
605202;2;200003;20 a 24 años;Universidades Privadas CRUCH;UNIVERSIDAD AUSTRAL DE CHILE
595049;2;199912;20 a 24 años;Universidades Privadas CRUCH;UNIVERSIDAD DE LOS ANDES
645271;2;200003;20 a 24 años;Universidades Estatales CRUCH;UNIVERSIDAD DE CHILE
1129897;2;199611;25 a 29 años;Universidades Privadas CRUCH;UNIVERSIDAD CATOLICA DEL NORTE
615735;1;199910;20 a 24 años;Universidades Privadas CRUCH;UNIVERSIDAD CATOLICA DE LA SANTISIMA CONCEPCION
984651;2;200304;15 a 19 años;Universidades Privadas CRUCH;UNIVERSIDAD CATOLICA DE TEMUCO
47753;2;198105;40 y m√°s años;Universidades Privadas CRUCH;UNIVERSIDAD CATOLICA DE TEMUCO
451548;2;199808;20 a 24 años;Universidades Privadas CRUCH;UNIVERSIDAD CATOLICA DE TEMUCO
494601;2;199808;20 a 24 años;Universidades Privadas CRUCH;PONTIFICIA UNIVERSIDAD CATOLICA DE VALPARAISO
297869;2;199607;25 a 29 años;Universidades Privadas CRUCH;UNIVERSIDAD CATOLICA DE TEMUCO
254817;1;199406;25 a 29 años;Universidades Privadas;UNIVERSIDAD SAN SEBASTIAN
233945;2;199310;25 a 29 años;Universidades Privadas;UNIVERSIDAD CATOLICA CARDENAL RAUL SILVA HENRIQUEZ
618031;2;200009;20 a 24 años;Universidades Privadas;UNIVERSIDAD SAN SEBASTIAN
67791;2;198207;35 a 39 años;Universidades Privadas;UNIVERSIDAD DE LAS AMERICAS
1132114;2;199707;20 a 24 años;Universidades Privadas;UNIVERSIDAD FINIS TERRAE
414619;1;199612;25 a 29 años;Universidades Privadas CRUCH;UNIVERSIDAD CATOLICA DE LA SANTISIMA CONCEPCION
492305;2;199809;20 a 24 años;Universidades Privadas CRUCH;UNIVERSIDAD AUSTRAL DE CHILE
685439;2;200007;20 a 24 años;Universidades Privadas CRUCH;PONTIFICIA UNIVERSIDAD CATOLICA DE VALPARAISO
371320;2;199807;20 a 24 años;Universidades Privadas;UNIVERSIDAD CATOLICA CARDENAL RAUL SILVA HENRIQUEZ
96554;2;198601;35 a 39 años;Universidades Estatales CRUCH;UNIVERSIDAD DE TARAPACA
533186;2;199912;20 a 24 años;Universidades Estatales CRUCH;UNIVERSIDAD DE PLAYA ANCHA DE CIENCIAS DE LA EDUCACION
1174414;1;200204;20 a 24 años;Universidades Estatales CRUCH;UNIVERSIDAD DE O'HIGGINS
721033;2;200011;20 a 24 años;Universidades Estatales CRUCH;UNIVERSIDAD DE CHILE
635289;2;200003;20 a 24 años;Universidades Privadas CRUCH;UNIVERSIDAD DE LOS ANDES
906565;2;200208;15 a 19 años;Universidades Estatales CRUCH;UNIVERSIDAD DE PLAYA ANCHA DE CIENCIAS DE LA EDUCACION
833428;1;200112;20 a 24 años;Universidades Estatales CRUCH;UNIVERSIDAD DE CHILE
112539;2;198708;30 a 34 años;Universidades Estatales CRUCH;UNIVERSIDAD ARTURO PRAT
711258;1;200201;20 a 24 años;Universidades Privadas CRUCH;UNIVERSIDAD AUSTRAL DE CHILE
560120;2;199911;20 a 24 años;Universidades Privadas;UNIVERSIDAD CATOLICA CARDENAL RAUL SILVA HENRIQUEZ
332342;2;199608;25 a 29 años;Universidades Estatales CRUCH;UNIVERSIDAD DE MAGALLANES
125191;2;198806;30 a 34 años;Universidades Estatales CRUCH;UNIVERSIDAD ARTURO PRAT
671008;2;200010;20 a 24 años;Universidades Estatales CRUCH;UNIVERSIDAD DE O'HIGGINS
481840;2;199906;20 a 24 años;Universidades Estatales CRUCH;UNIVERSIDAD DE O'HIGGINS
22858;1;197607;40 y m√°s años;Universidades Privadas;UNIVERSIDAD CATOLICA CARDENAL RAUL SILVA HENRIQUEZ
795693;2;200108;20 a 24 años;Universidades Privadas CRUCH;UNIVERSIDAD DE LOS ANDES
956573;2;200211;15 a 19 años;Universidades Privadas CRUCH;PONTIFICIA UNIVERSIDAD CATOLICA DE VALPARAISO
273748;2;199503;25 a 29 años;Universidades Privadas;UNIVERSIDAD DE LAS AMERICAS
1168772;1;200206;20 a 24 años;Universidades Privadas CRUCH;UNIVERSIDAD CATOLICA DE LA SANTISIMA CONCEPCION
927208;2;200210;15 a 19 años;Universidades Privadas CRUCH;UNIVERSIDAD CATOLICA DE LA SANTISIMA CONCEPCION
877114;2;200205;20 a 24 años;Universidades Estatales CRUCH;UNIVERSIDAD DE MAGALLANES
487125;2;199811;20 a 24 años;Universidades Privadas CRUCH;PONTIFICIA UNIVERSIDAD CATOLICA DE VALPARAISO
273973;2;199506;25 a 29 años;Universidades Privadas;UNIVERSIDAD CATOLICA CARDENAL RAUL SILVA HENRIQUEZ
744720;2;200101;20 a 24 años;Universidades Privadas CRUCH;UNIVERSIDAD CATOLICA DEL NORTE
621920;2;200001;20 a 24 años;Universidades Privadas CRUCH;UNIVERSIDAD CATOLICA DE TEMUCO
491006;2;199902;20 a 24 años;Universidades Privadas;UNIVERSIDAD AUTONOMA DE CHILE
432428;2;199901;20 a 24 años;Universidades Estatales CRUCH;UNIVERSIDAD DE TARAPACA
812369;2;200110;20 a 24 años;Universidades Privadas CRUCH;UNIVERSIDAD CATOLICA DE LA SANTISIMA CONCEPCION
355783;2;199701;25 a 29 años;Universidades Privadas;UNIVERSIDAD AUTONOMA DE CHILE
697422;2;200006;20 a 24 años;Universidades Estatales CRUCH;UNIVERSIDAD DE CHILE
464449;2;199902;20 a 24 años;Universidades Estatales CRUCH;UNIVERSIDAD ARTURO PRAT
722283;2;200105;20 a 24 años;Universidades Privadas CRUCH;UNIVERSIDAD CATOLICA DE TEMUCO
845448;2;200201;20 a 24 años;Universidades Privadas CRUCH;UNIVERSIDAD CATOLICA DE TEMUCO
619260;2;200005;20 a 24 años;Universidades Privadas CRUCH;UNIVERSIDAD CATOLICA DE TEMUCO
463239;2;199805;20 a 24 años;Universidades Privadas CRUCH;UNIVERSIDAD CATOLICA DEL NORTE
741334;2;200103;20 a 24 años;Universidades Privadas CRUCH;PONTIFICIA UNIVERSIDAD CATOLICA DE VALPARAISO
744761;2;200101;20 a 24 años;Universidades Privadas;UNIVERSIDAD CATOLICA CARDENAL RAUL SILVA HENRIQUEZ
320437;2;199607;25 a 29 años;Universidades Estatales CRUCH;UNIVERSIDAD DE MAGALLANES
377949;2;199609;25 a 29 años;Universidades Privadas;UNIVERSIDAD ACADEMIA DE HUMANISMO CRISTIANO
205299;2;199302;25 a 29 años;Universidades Estatales CRUCH;UNIVERSIDAD ARTURO PRAT
523895;2;199908;20 a 24 años;Universidades Estatales CRUCH;UNIVERSIDAD DE TARAPACA
622325;2;199912;20 a 24 años;Universidades Estatales CRUCH;UNIVERSIDAD ARTURO PRAT
320156;2;199602;25 a 29 años;Universidades Estatales CRUCH;UNIVERSIDAD DE ANTOFAGASTA
392063;1;199801;20 a 24 años;Universidades Privadas CRUCH;UNIVERSIDAD CATOLICA DE TEMUCO
593963;2;199909;20 a 24 años;Universidades Estatales CRUCH;UNIVERSIDAD DE PLAYA ANCHA DE CIENCIAS DE LA EDUCACION
838629;2;200201;20 a 24 años;Universidades Privadas;UNIVERSIDAD AUTONOMA DE CHILE
183737;2;199107;30 a 34 años;Universidades Estatales CRUCH;UNIVERSIDAD DE ANTOFAGASTA
541880;2;199905;20 a 24 años;Universidades Estatales CRUCH;UNIVERSIDAD DE CHILE
293331;2;199510;25 a 29 años;Universidades Privadas;UNIVERSIDAD SAN SEBASTIAN
427084;2;199807;20 a 24 años;Universidades Privadas;UNIVERSIDAD DE LAS AMERICAS
713731;2;200107;20 a 24 años;Universidades Privadas CRUCH;UNIVERSIDAD AUSTRAL DE CHILE
110896;2;198706;35 a 39 años;Universidades Privadas;UNIVERSIDAD CATOLICA CARDENAL RAUL SILVA HENRIQUEZ
728048;1;200106;20 a 24 años;Universidades Estatales CRUCH;UNIVERSIDAD DE O'HIGGINS
222191;2;199305;25 a 29 años;Universidades Privadas;UNIVERSIDAD DE LAS AMERICAS
407417;2;199710;20 a 24 años;Universidades Privadas;UNIVERSIDAD CATOLICA CARDENAL RAUL SILVA HENRIQUEZ
1113876;2;199207;25 a 29 años;Universidades Privadas;UNIVERSIDAD DE LAS AMERICAS
579997;2;199906;20 a 24 años;Universidades Privadas;UNIVERSIDAD DE LAS AMERICAS
18166;2;197504;40 y m√°s años;Universidades Privadas;UNIVERSIDAD DE LAS AMERICAS
597131;2;199909;20 a 24 años;Universidades Privadas;UNIVERSIDAD ACADEMIA DE HUMANISMO CRISTIANO
282572;2;199509;25 a 29 años;Universidades Privadas;UNIVERSIDAD CATOLICA CARDENAL RAUL SILVA HENRIQUEZ
925659;2;200210;15 a 19 años;Universidades Privadas CRUCH;PONTIFICIA UNIVERSIDAD CATOLICA DE VALPARAISO
785577;2;200109;20 a 24 años;Universidades Privadas;UNIVERSIDAD FINIS TERRAE
739586;1;200101;20 a 24 años;Universidades Estatales CRUCH;UNIVERSIDAD DE O'HIGGINS
955521;2;200301;15 a 19 años;Universidades Estatales CRUCH;UNIVERSIDAD DE LOS LAGOS
838730;1;200110;20 a 24 años;Universidades Privadas;UNIVERSIDAD CATOLICA CARDENAL RAUL SILVA HENRIQUEZ
1021809;2;200310;15 a 19 años;Universidades Estatales CRUCH;UNIVERSIDAD DE CHILE
1164797;2;200105;20 a 24 años;Universidades Privadas CRUCH;UNIVERSIDAD AUSTRAL DE CHILE
507165;2;199907;20 a 24 años;Universidades Privadas CRUCH;UNIVERSIDAD CATOLICA DE TEMUCO
523683;2;199903;20 a 24 años;Universidades Privadas CRUCH;UNIVERSIDAD CATOLICA DE LA SANTISIMA CONCEPCION
88692;2;198601;35 a 39 años;Universidades Privadas;UNIVERSIDAD BOLIVARIANA
593592;2;200007;20 a 24 años;Universidades Privadas CRUCH;UNIVERSIDAD AUSTRAL DE CHILE
591970;2;199912;20 a 24 años;Universidades Privadas;UNIVERSIDAD SAN SEBASTIAN
1024792;2;200311;15 a 19 años;Universidades Privadas;UNIVERSIDAD AUTONOMA DE CHILE
355504;2;199610;25 a 29 años;Universidades Privadas;UNIVERSIDAD SAN SEBASTIAN
338417;2;199710;20 a 24 años;Universidades Privadas;UNIVERSIDAD FINIS TERRAE
469038;2;199808;20 a 24 años;Universidades Estatales CRUCH;UNIVERSIDAD DE CHILE
348094;2;199705;25 a 29 años;Universidades Privadas CRUCH;UNIVERSIDAD AUSTRAL DE CHILE
865269;2;200204;20 a 24 años;Universidades Privadas CRUCH;UNIVERSIDAD CATOLICA DE LA SANTISIMA CONCEPCION
814086;2;200110;20 a 24 años;Universidades Privadas CRUCH;PONTIFICIA UNIVERSIDAD CATOLICA DE VALPARAISO
586323;2;200003;20 a 24 años;Universidades Privadas;UNIVERSIDAD AUTONOMA DE CHILE
517827;2;199902;20 a 24 años;Universidades Estatales CRUCH;UNIVERSIDAD DE CHILE
612652;2;200006;20 a 24 años;Universidades Estatales CRUCH;UNIVERSIDAD DE O'HIGGINS
959521;2;200302;15 a 19 años;Universidades Privadas CRUCH;UNIVERSIDAD CATOLICA DE LA SANTISIMA CONCEPCION
288856;2;199509;25 a 29 años;Universidades Privadas CRUCH;UNIVERSIDAD CATOLICA DE LA SANTISIMA CONCEPCION
756720;2;200102;20 a 24 años;Universidades Estatales CRUCH;UNIVERSIDAD DE O'HIGGINS
1155643;2;200012;20 a 24 años;Universidades Privadas CRUCH;UNIVERSIDAD CATOLICA DE LA SANTISIMA CONCEPCION
599986;1;200008;20 a 24 años;Universidades Privadas;UNIVERSIDAD AUTONOMA DE CHILE
472682;2;199811;20 a 24 años;Universidades Privadas CRUCH;UNIVERSIDAD CATOLICA DE TEMUCO
708627;2;200107;20 a 24 años;Universidades Privadas CRUCH;UNIVERSIDAD CATOLICA DE TEMUCO
998209;2;200306;15 a 19 años;Universidades Privadas CRUCH;PONTIFICIA UNIVERSIDAD CATOLICA DE VALPARAISO
91411;2;198607;35 a 39 años;Universidades Privadas;UNIVERSIDAD ACADEMIA DE HUMANISMO CRISTIANO
721929;2;200102;20 a 24 años;Universidades Privadas CRUCH;UNIVERSIDAD CATOLICA DE TEMUCO
1109423;1;199005;30 a 34 años;Universidades Privadas;UNIVERSIDAD DE LAS AMERICAS
489097;2;199901;20 a 24 años;Universidades Privadas;UNIVERSIDAD AUTONOMA DE CHILE
518102;2;199909;20 a 24 años;Universidades Privadas;UNIVERSIDAD DE LAS AMERICAS
1188291;2;200308;15 a 19 años;Universidades Privadas CRUCH;UNIVERSIDAD CATOLICA DE LA SANTISIMA CONCEPCION
911094;2;200210;15 a 19 años;Universidades Privadas CRUCH;UNIVERSIDAD AUSTRAL DE CHILE
918817;2;200209;15 a 19 años;Universidades Privadas CRUCH;UNIVERSIDAD CATOLICA DEL NORTE
835459;1;200112;20 a 24 años;Universidades Privadas;UNIVERSIDAD AUTONOMA DE CHILE
673597;2;200006;20 a 24 años;Universidades Privadas CRUCH;UNIVERSIDAD CATOLICA DE LA SANTISIMA CONCEPCION
112307;1;198708;30 a 34 años;Universidades Estatales CRUCH;UNIVERSIDAD DE LOS LAGOS
567237;2;199907;20 a 24 años;Universidades Privadas CRUCH;UNIVERSIDAD CATOLICA DEL NORTE
1154607;2;200007;20 a 24 años;Universidades Privadas;UNIVERSIDAD DE LAS AMERICAS
1126830;2;199702;25 a 29 años;Universidades Estatales CRUCH;UNIVERSIDAD DE TARAPACA
355506;2;199610;25 a 29 años;Universidades Estatales CRUCH;UNIVERSIDAD DE O'HIGGINS
379470;2;199809;20 a 24 años;Universidades Estatales CRUCH;UNIVERSIDAD DE PLAYA ANCHA DE CIENCIAS DE LA EDUCACION
697085;2;200008;20 a 24 años;Universidades Estatales CRUCH;UNIVERSIDAD DE CHILE
527125;2;199909;20 a 24 años;Universidades Privadas CRUCH;PONTIFICIA UNIVERSIDAD CATOLICA DE VALPARAISO
172132;1;199104;30 a 34 años;Universidades Privadas;UNIVERSIDAD CATOLICA CARDENAL RAUL SILVA HENRIQUEZ
409351;2;199804;20 a 24 años;Universidades Privadas CRUCH;UNIVERSIDAD CATOLICA DE TEMUCO
173726;2;199011;30 a 34 años;Universidades Privadas;UNIVERSIDAD DE LAS AMERICAS
556208;2;199904;20 a 24 años;Universidades Estatales CRUCH;UNIVERSIDAD DE CHILE
692903;2;200007;20 a 24 años;Universidades Estatales CRUCH;UNIVERSIDAD DE CHILE
246281;2;199412;25 a 29 años;Universidades Privadas;UNIVERSIDAD CATOLICA CARDENAL RAUL SILVA HENRIQUEZ
220885;1;199312;25 a 29 años;Universidades Privadas CRUCH;UNIVERSIDAD AUSTRAL DE CHILE
391639;2;199802;20 a 24 años;Universidades Estatales CRUCH;UNIVERSIDAD DE ANTOFAGASTA
861889;2;200204;20 a 24 años;Universidades Privadas CRUCH;UNIVERSIDAD CATOLICA DE LA SANTISIMA CONCEPCION
819640;2;200110;20 a 24 años;Universidades Privadas;UNIVERSIDAD CATOLICA CARDENAL RAUL SILVA HENRIQUEZ
550675;2;199908;20 a 24 años;Universidades Privadas;UNIVERSIDAD CATOLICA CARDENAL RAUL SILVA HENRIQUEZ
451789;2;199806;20 a 24 años;Universidades Privadas;UNIVERSIDAD AUTONOMA DE CHILE
651985;1;200103;20 a 24 años;Universidades Estatales CRUCH;UNIVERSIDAD DE O'HIGGINS
1125149;2;199603;25 a 29 años;Universidades Privadas;UNIVERSIDAD DE LAS AMERICAS
264326;2;199501;25 a 29 años;Universidades Privadas;UNIVERSIDAD DE LAS AMERICAS
1143918;2;199905;20 a 24 años;Universidades Estatales CRUCH;UNIVERSIDAD DE PLAYA ANCHA DE CIENCIAS DE LA EDUCACION
249891;1;199405;25 a 29 años;Universidades Privadas;UNIVERSIDAD AUTONOMA DE CHILE
179648;2;199103;30 a 34 años;Universidades Privadas CRUCH;UNIVERSIDAD CATOLICA DE LA SANTISIMA CONCEPCION
660248;2;200009;20 a 24 años;Universidades Privadas CRUCH;PONTIFICIA UNIVERSIDAD CATOLICA DE VALPARAISO
528914;2;199909;20 a 24 años;Universidades Privadas CRUCH;UNIVERSIDAD DE LOS ANDES
525041;2;199903;20 a 24 años;Universidades Privadas CRUCH;UNIVERSIDAD CATOLICA DE TEMUCO
244010;2;199404;25 a 29 años;Universidades Privadas;UNIVERSIDAD DE LAS AMERICAS
549138;1;200002;20 a 24 años;Universidades Estatales CRUCH;UNIVERSIDAD DE TARAPACA
549081;1;200002;20 a 24 años;Universidades Estatales CRUCH;UNIVERSIDAD DE TARAPACA
1156734;2;200103;20 a 24 años;Universidades Estatales CRUCH;UNIVERSIDAD DE CHILE
1203661;2;200012;20 a 24 años;Universidades Estatales CRUCH;UNIVERSIDAD DE MAGALLANES
672928;2;200005;20 a 24 años;Universidades Privadas CRUCH;UNIVERSIDAD CATOLICA DE TEMUCO
838712;2;200201;20 a 24 años;Universidades Privadas CRUCH;UNIVERSIDAD CATOLICA DE LA SANTISIMA CONCEPCION
275280;2;199506;25 a 29 años;Universidades Privadas;UNIVERSIDAD CATOLICA CARDENAL RAUL SILVA HENRIQUEZ
165903;2;199105;30 a 34 años;Universidades Privadas;UNIVERSIDAD DE LAS AMERICAS
470786;1;199810;20 a 24 años;Universidades Privadas;UNIVERSIDAD AUTONOMA DE CHILE
471145;2;199904;20 a 24 años;Universidades Privadas;UNIVERSIDAD AUTONOMA DE CHILE
772179;2;200106;20 a 24 años;Universidades Privadas;UNIVERSIDAD AUTONOMA DE CHILE
662322;2;200009;20 a 24 años;Universidades Privadas CRUCH;PONTIFICIA UNIVERSIDAD CATOLICA DE VALPARAISO
439249;2;199805;20 a 24 años;Universidades Privadas;UNIVERSIDAD AUTONOMA DE CHILE
363162;2;199701;25 a 29 años;Universidades Estatales CRUCH;UNIVERSIDAD DE O'HIGGINS
788269;2;200212;15 a 19 años;Universidades Privadas CRUCH;UNIVERSIDAD CATOLICA DE LA SANTISIMA CONCEPCION
928558;2;200210;15 a 19 años;Universidades Estatales CRUCH;UNIVERSIDAD DE O'HIGGINS
643037;2;200010;20 a 24 años;Universidades Estatales CRUCH;UNIVERSIDAD DE O'HIGGINS
1168227;1;200108;20 a 24 años;Universidades Estatales CRUCH;UNIVERSIDAD DE TARAPACA
748446;2;200107;20 a 24 años;Universidades Privadas;UNIVERSIDAD CATOLICA CARDENAL RAUL SILVA HENRIQUEZ
728026;2;200103;20 a 24 años;Universidades Privadas;UNIVERSIDAD CATOLICA CARDENAL RAUL SILVA HENRIQUEZ
637631;2;200008;20 a 24 años;Universidades Privadas CRUCH;UNIVERSIDAD DE LOS ANDES
297326;1;199507;25 a 29 años;Universidades Privadas CRUCH;UNIVERSIDAD CATOLICA DE TEMUCO
559117;2;199910;20 a 24 años;Universidades Estatales CRUCH;UNIVERSIDAD DE CHILE
419017;2;199801;20 a 24 años;Universidades Privadas CRUCH;UNIVERSIDAD AUSTRAL DE CHILE
962788;2;200302;15 a 19 años;Universidades Privadas;UNIVERSIDAD AUTONOMA DE CHILE
792342;2;200203;20 a 24 años;Universidades Estatales CRUCH;UNIVERSIDAD DE TARAPACA
259142;2;199505;25 a 29 años;Universidades Privadas;UNIVERSIDAD SAN SEBASTIAN
805586;2;200109;20 a 24 años;Universidades Estatales CRUCH;UNIVERSIDAD DE O'HIGGINS
776009;1;200107;20 a 24 años;Universidades Estatales CRUCH;UNIVERSIDAD DE PLAYA ANCHA DE CIENCIAS DE LA EDUCACION
338763;2;199703;25 a 29 años;Universidades Privadas CRUCH;UNIVERSIDAD CATOLICA DE TEMUCO
127221;2;198901;30 a 34 años;Universidades Estatales CRUCH;UNIVERSIDAD DE LOS LAGOS
776594;2;200107;20 a 24 años;Universidades Privadas;UNIVERSIDAD CATOLICA CARDENAL RAUL SILVA HENRIQUEZ
624438;2;200003;20 a 24 años;Universidades Estatales CRUCH;UNIVERSIDAD DE ANTOFAGASTA
830034;2;200204;20 a 24 años;Universidades Privadas CRUCH;UNIVERSIDAD CATOLICA DE LA SANTISIMA CONCEPCION
897662;2;200207;15 a 19 años;Universidades Privadas CRUCH;UNIVERSIDAD CATOLICA DE LA SANTISIMA CONCEPCION
825533;2;200111;20 a 24 años;Universidades Privadas CRUCH;UNIVERSIDAD CATOLICA DE LA SANTISIMA CONCEPCION
497484;2;199903;20 a 24 años;Universidades Privadas CRUCH;UNIVERSIDAD DE LOS ANDES
779511;2;200206;20 a 24 años;Universidades Privadas;UNIVERSIDAD AUTONOMA DE CHILE
171261;2;199009;30 a 34 años;Universidades Privadas CRUCH;PONTIFICIA UNIVERSIDAD CATOLICA DE VALPARAISO
64954;2;198111;40 y m√°s años;Universidades Privadas CRUCH;UNIVERSIDAD AUSTRAL DE CHILE
26313;2;197711;40 y m√°s años;Universidades Privadas;UNIVERSIDAD CATOLICA CARDENAL RAUL SILVA HENRIQUEZ
79527;2;198402;35 a 39 años;Universidades Estatales CRUCH;UNIVERSIDAD DE MAGALLANES
629647;1;200102;20 a 24 años;Universidades Privadas;UNIVERSIDAD AUTONOMA DE CHILE
529177;2;199907;20 a 24 años;Universidades Privadas CRUCH;UNIVERSIDAD DE LOS ANDES
1008935;2;200308;15 a 19 años;Universidades Privadas CRUCH;UNIVERSIDAD AUSTRAL DE CHILE
475728;2;199810;20 a 24 años;Universidades Estatales CRUCH;UNIVERSIDAD DE PLAYA ANCHA DE CIENCIAS DE LA EDUCACION
670285;2;200003;20 a 24 años;Universidades Estatales CRUCH;UNIVERSIDAD ARTURO PRAT
199928;2;199207;25 a 29 años;Universidades Privadas CRUCH;UNIVERSIDAD CATOLICA DE TEMUCO
852999;2;200202;20 a 24 años;Universidades Estatales CRUCH;UNIVERSIDAD DE TARAPACA
128945;2;198804;30 a 34 años;Universidades Privadas;UNIVERSIDAD CATOLICA CARDENAL RAUL SILVA HENRIQUEZ
523077;1;199902;20 a 24 años;Universidades Estatales CRUCH;UNIVERSIDAD DE LOS LAGOS
567661;2;199912;20 a 24 años;Universidades Estatales CRUCH;UNIVERSIDAD DE ANTOFAGASTA
358018;1;199612;25 a 29 años;Universidades Privadas;UNIVERSIDAD CATOLICA CARDENAL RAUL SILVA HENRIQUEZ
421298;2;199801;20 a 24 años;Universidades Privadas;UNIVERSIDAD DE LAS AMERICAS
111974;2;198711;30 a 34 años;Universidades Privadas;UNIVERSIDAD AUTONOMA DE CHILE
70600;2;198209;35 a 39 años;Universidades Estatales CRUCH;UNIVERSIDAD DE PLAYA ANCHA DE CIENCIAS DE LA EDUCACION
659978;2;200007;20 a 24 años;Universidades Estatales CRUCH;UNIVERSIDAD DE PLAYA ANCHA DE CIENCIAS DE LA EDUCACION
372363;2;199706;25 a 29 años;Universidades Privadas CRUCH;PONTIFICIA UNIVERSIDAD CATOLICA DE VALPARAISO
699458;2;200102;20 a 24 años;Universidades Privadas CRUCH;UNIVERSIDAD CATOLICA DE TEMUCO
926188;1;200101;20 a 24 años;Universidades Privadas CRUCH;UNIVERSIDAD AUSTRAL DE CHILE
366169;2;199706;25 a 29 años;Universidades Privadas;UNIVERSIDAD CATOLICA CARDENAL RAUL SILVA HENRIQUEZ
591199;2;199910;20 a 24 años;Universidades Privadas CRUCH;UNIVERSIDAD AUSTRAL DE CHILE
254308;2;199408;25 a 29 años;Universidades Privadas CRUCH;PONTIFICIA UNIVERSIDAD CATOLICA DE VALPARAISO
524409;2;199812;20 a 24 años;Universidades Privadas;UNIVERSIDAD CATOLICA CARDENAL RAUL SILVA HENRIQUEZ
913004;1;200211;15 a 19 años;Universidades Privadas;UNIVERSIDAD CATOLICA CARDENAL RAUL SILVA HENRIQUEZ
1139557;1;199904;20 a 24 años;Universidades Privadas;UNIVERSIDAD SAN SEBASTIAN
1177299;2;200207;15 a 19 años;Universidades Privadas CRUCH;UNIVERSIDAD CATOLICA DE LA SANTISIMA CONCEPCION
463861;2;199809;20 a 24 años;Universidades Privadas;UNIVERSIDAD CATOLICA CARDENAL RAUL SILVA HENRIQUEZ
139584;2;198908;30 a 34 años;Universidades Privadas;UNIVERSIDAD CATOLICA CARDENAL RAUL SILVA HENRIQUEZ
574153;2;200007;20 a 24 años;Universidades Privadas CRUCH;UNIVERSIDAD AUSTRAL DE CHILE
962088;2;200302;15 a 19 años;Universidades Privadas CRUCH;UNIVERSIDAD CATOLICA DEL NORTE
1038108;2;200401;15 a 19 años;Universidades Estatales CRUCH;UNIVERSIDAD ARTURO PRAT
711082;2;200109;20 a 24 años;Universidades Privadas CRUCH;UNIVERSIDAD AUSTRAL DE CHILE
148038;2;199003;30 a 34 años;Universidades Estatales CRUCH;UNIVERSIDAD DE PLAYA ANCHA DE CIENCIAS DE LA EDUCACION
491235;2;199811;20 a 24 años;Universidades Estatales CRUCH;UNIVERSIDAD DE PLAYA ANCHA DE CIENCIAS DE LA EDUCACION
578570;2;199910;20 a 24 años;Universidades Privadas CRUCH;UNIVERSIDAD DE LOS ANDES
954061;1;200301;15 a 19 años;Universidades Privadas CRUCH;UNIVERSIDAD CATOLICA DE TEMUCO
288239;2;199509;25 a 29 años;Universidades Privadas;UNIVERSIDAD SAN SEBASTIAN
604384;2;200010;20 a 24 años;Universidades Privadas CRUCH;PONTIFICIA UNIVERSIDAD CATOLICA DE VALPARAISO
260084;2;199408;25 a 29 años;Universidades Estatales CRUCH;UNIVERSIDAD DE TARAPACA
462319;2;199806;20 a 24 años;Universidades Estatales CRUCH;UNIVERSIDAD DE PLAYA ANCHA DE CIENCIAS DE LA EDUCACION
462584;2;199807;20 a 24 años;Universidades Privadas CRUCH;UNIVERSIDAD AUSTRAL DE CHILE
852061;2;200202;20 a 24 años;Universidades Privadas CRUCH;UNIVERSIDAD CATOLICA DE LA SANTISIMA CONCEPCION
272355;2;199507;25 a 29 años;Universidades Privadas CRUCH;UNIVERSIDAD AUSTRAL DE CHILE
261833;1;199502;25 a 29 años;Universidades Privadas CRUCH;PONTIFICIA UNIVERSIDAD CATOLICA DE VALPARAISO
96485;2;198510;35 a 39 años;Universidades Estatales CRUCH;UNIVERSIDAD DE TARAPACA
628705;2;200006;20 a 24 años;Universidades Estatales CRUCH;UNIVERSIDAD DE CHILE
896254;2;200207;15 a 19 años;Universidades Privadas CRUCH;UNIVERSIDAD CATOLICA DE LA SANTISIMA CONCEPCION
203079;1;199212;25 a 29 años;Universidades Estatales CRUCH;UNIVERSIDAD DE ANTOFAGASTA
444104;2;199803;20 a 24 años;Universidades Privadas;UNIVERSIDAD CATOLICA CARDENAL RAUL SILVA HENRIQUEZ
505872;1;199901;20 a 24 años;Universidades Privadas;UNIVERSIDAD AUTONOMA DE CHILE
1139925;2;199511;25 a 29 años;Universidades Estatales CRUCH;UNIVERSIDAD DE O'HIGGINS
449232;2;199802;20 a 24 años;Universidades Privadas;UNIVERSIDAD CATOLICA CARDENAL RAUL SILVA HENRIQUEZ
548922;2;200001;20 a 24 años;Universidades Estatales CRUCH;UNIVERSIDAD DE TARAPACA
791852;2;200202;20 a 24 años;Universidades Privadas;UNIVERSIDAD AUTONOMA DE CHILE
999150;2;200307;15 a 19 años;Universidades Privadas CRUCH;UNIVERSIDAD CATOLICA DEL NORTE
753499;2;200103;20 a 24 años;Universidades Estatales CRUCH;UNIVERSIDAD ARTURO PRAT
524445;2;199812;20 a 24 años;Universidades Privadas CRUCH;PONTIFICIA UNIVERSIDAD CATOLICA DE VALPARAISO
306767;1;199601;25 a 29 años;Universidades Privadas CRUCH;PONTIFICIA UNIVERSIDAD CATOLICA DE VALPARAISO
604991;2;200001;20 a 24 años;Universidades Privadas CRUCH;UNIVERSIDAD CATOLICA DE TEMUCO
513938;2;199903;20 a 24 años;Universidades Privadas CRUCH;PONTIFICIA UNIVERSIDAD CATOLICA DE VALPARAISO
950293;1;200301;15 a 19 años;Universidades Privadas;UNIVERSIDAD AUTONOMA DE CHILE
638021;2;200009;20 a 24 años;Universidades Privadas;UNIVERSIDAD DE LAS AMERICAS
811303;2;200111;20 a 24 años;Universidades Privadas;UNIVERSIDAD DE LAS AMERICAS
325418;2;199603;25 a 29 años;Universidades Privadas;UNIVERSIDAD ACADEMIA DE HUMANISMO CRISTIANO
357574;1;199710;20 a 24 años;Universidades Privadas;UNIVERSIDAD SAN SEBASTIAN
68292;2;198202;40 y m√°s años;Universidades Privadas;UNIVERSIDAD DE LAS AMERICAS
1143313;2;199909;20 a 24 años;Universidades Privadas CRUCH;UNIVERSIDAD CATOLICA DE LA SANTISIMA CONCEPCION
458701;2;199812;20 a 24 años;Universidades Privadas;UNIVERSIDAD FINIS TERRAE
314517;1;199602;25 a 29 años;Universidades Privadas;UNIVERSIDAD CATOLICA CARDENAL RAUL SILVA HENRIQUEZ
847947;1;200210;15 a 19 años;Universidades Privadas CRUCH;UNIVERSIDAD AUSTRAL DE CHILE
166450;2;199102;30 a 34 años;Universidades Estatales CRUCH;UNIVERSIDAD DE O'HIGGINS
438603;2;199807;20 a 24 años;Universidades Privadas CRUCH;UNIVERSIDAD DE LOS ANDES
228845;2;199312;25 a 29 años;Universidades Privadas CRUCH;UNIVERSIDAD CATOLICA DE LA SANTISIMA CONCEPCION
487098;2;199811;20 a 24 años;Universidades Privadas;UNIVERSIDAD SAN SEBASTIAN
465074;2;199811;20 a 24 años;Universidades Privadas CRUCH;PONTIFICIA UNIVERSIDAD CATOLICA DE VALPARAISO
529447;2;200001;20 a 24 años;Universidades Privadas CRUCH;UNIVERSIDAD DE LOS ANDES
379533;2;199810;20 a 24 años;Universidades Privadas CRUCH;PONTIFICIA UNIVERSIDAD CATOLICA DE VALPARAISO
770083;2;200105;20 a 24 años;Universidades Estatales CRUCH;UNIVERSIDAD DE TARAPACA
1192155;2;200403;15 a 19 años;Universidades Privadas;UNIVERSIDAD DE LAS AMERICAS
862687;2;200204;20 a 24 años;Universidades Estatales CRUCH;UNIVERSIDAD DE MAGALLANES
199111;2;199205;30 a 34 años;Universidades Estatales CRUCH;UNIVERSIDAD DE CHILE
266486;1;199503;25 a 29 años;Universidades Privadas;UNIVERSIDAD DE LAS AMERICAS
654356;2;200006;20 a 24 años;Universidades Privadas;UNIVERSIDAD AUTONOMA DE CHILE
482610;2;199903;20 a 24 años;Universidades Privadas CRUCH;UNIVERSIDAD AUSTRAL DE CHILE
544782;2;199912;20 a 24 años;Universidades Privadas;UNIVERSIDAD CATOLICA CARDENAL RAUL SILVA HENRIQUEZ
960253;2;200302;15 a 19 años;Universidades Estatales CRUCH;UNIVERSIDAD DE TARAPACA
541463;2;199903;20 a 24 años;Universidades Estatales CRUCH;UNIVERSIDAD DE O'HIGGINS
446914;2;199807;20 a 24 años;Universidades Privadas CRUCH;UNIVERSIDAD CATOLICA DE LA SANTISIMA CONCEPCION
55982;2;198509;35 a 39 años;Universidades Privadas;UNIVERSIDAD CATOLICA CARDENAL RAUL SILVA HENRIQUEZ
526513;2;199910;20 a 24 años;Universidades Privadas CRUCH;UNIVERSIDAD DE LOS ANDES
670269;2;200006;20 a 24 años;Universidades Estatales CRUCH;UNIVERSIDAD DE TARAPACA
876766;1;200205;20 a 24 años;Universidades Privadas CRUCH;UNIVERSIDAD AUSTRAL DE CHILE
479674;1;199903;20 a 24 años;Universidades Privadas CRUCH;PONTIFICIA UNIVERSIDAD CATOLICA DE VALPARAISO
491412;2;199809;20 a 24 años;Universidades Privadas CRUCH;PONTIFICIA UNIVERSIDAD CATOLICA DE VALPARAISO
1075359;1;199206;30 a 34 años;Universidades Privadas CRUCH;UNIVERSIDAD CATOLICA DEL NORTE
1016642;2;200310;15 a 19 años;Universidades Privadas CRUCH;UNIVERSIDAD AUSTRAL DE CHILE
98825;2;198601;35 a 39 años;Universidades Privadas;UNIVERSIDAD DE LAS AMERICAS
1000264;2;200306;15 a 19 años;Universidades Privadas CRUCH;PONTIFICIA UNIVERSIDAD CATOLICA DE VALPARAISO
647906;2;200009;20 a 24 años;Universidades Privadas;UNIVERSIDAD AUTONOMA DE CHILE
386798;1;199709;20 a 24 años;Universidades Privadas CRUCH;UNIVERSIDAD CATOLICA DEL NORTE
823831;2;200111;20 a 24 años;Universidades Privadas CRUCH;UNIVERSIDAD CATOLICA DE LA SANTISIMA CONCEPCION
328818;2;199611;25 a 29 años;Universidades Privadas;UNIVERSIDAD DE LAS AMERICAS
426571;2;199802;20 a 24 años;Universidades Estatales CRUCH;UNIVERSIDAD DE O'HIGGINS
721485;2;200012;20 a 24 años;Universidades Privadas CRUCH;PONTIFICIA UNIVERSIDAD CATOLICA DE VALPARAISO
808551;2;200204;20 a 24 años;Universidades Privadas CRUCH;UNIVERSIDAD AUSTRAL DE CHILE
312922;2;199604;25 a 29 años;Universidades Privadas;UNIVERSIDAD SAN SEBASTIAN
402348;2;199808;20 a 24 años;Universidades Estatales CRUCH;UNIVERSIDAD DE PLAYA ANCHA DE CIENCIAS DE LA EDUCACION
402311;2;199807;20 a 24 años;Universidades Estatales CRUCH;UNIVERSIDAD DE PLAYA ANCHA DE CIENCIAS DE LA EDUCACION
488074;2;199905;20 a 24 años;Universidades Privadas CRUCH;UNIVERSIDAD AUSTRAL DE CHILE
340694;2;199706;25 a 29 años;Universidades Privadas CRUCH;PONTIFICIA UNIVERSIDAD CATOLICA DE VALPARAISO
939438;2;200211;15 a 19 años;Universidades Privadas;UNIVERSIDAD AUTONOMA DE CHILE
234288;2;199402;25 a 29 años;Universidades Privadas;UNIVERSIDAD SAN SEBASTIAN
556083;2;199904;20 a 24 años;Universidades Estatales CRUCH;UNIVERSIDAD DE TARAPACA
115533;2;198712;30 a 34 años;Universidades Privadas;UNIVERSIDAD CATOLICA CARDENAL RAUL SILVA HENRIQUEZ
546315;2;199906;20 a 24 años;Universidades Privadas CRUCH;UNIVERSIDAD CATOLICA DEL NORTE
510103;2;199901;20 a 24 años;Universidades Privadas;UNIVERSIDAD AUTONOMA DE CHILE
285440;2;199504;25 a 29 años;Universidades Privadas;UNIVERSIDAD DE LAS AMERICAS
998302;2;200307;15 a 19 años;Universidades Estatales CRUCH;UNIVERSIDAD DE O'HIGGINS
908512;2;200208;15 a 19 años;Universidades Privadas CRUCH;UNIVERSIDAD DE LOS ANDES
906530;2;200208;15 a 19 años;Universidades Estatales CRUCH;UNIVERSIDAD DE TARAPACA
167552;1;199109;30 a 34 años;Universidades Privadas;UNIVERSIDAD ACADEMIA DE HUMANISMO CRISTIANO
184985;1;199108;30 a 34 años;Universidades Privadas CRUCH;PONTIFICIA UNIVERSIDAD CATOLICA DE VALPARAISO
863852;2;200204;20 a 24 años;Universidades Privadas;UNIVERSIDAD FINIS TERRAE
830238;2;200206;20 a 24 años;Universidades Privadas CRUCH;UNIVERSIDAD CATOLICA DE TEMUCO
60268;2;198407;35 a 39 años;Universidades Privadas;UNIVERSIDAD BOLIVARIANA
307108;2;199609;25 a 29 años;Universidades Privadas CRUCH;UNIVERSIDAD AUSTRAL DE CHILE
855873;2;200202;20 a 24 años;Universidades Privadas CRUCH;PONTIFICIA UNIVERSIDAD CATOLICA DE VALPARAISO
373088;2;199709;20 a 24 años;Universidades Privadas CRUCH;UNIVERSIDAD DE LOS ANDES
1197294;1;198511;35 a 39 años;Universidades Estatales CRUCH;UNIVERSIDAD DE ANTOFAGASTA
767789;2;200103;20 a 24 años;Universidades Privadas CRUCH;UNIVERSIDAD CATOLICA DE TEMUCO
634024;1;200010;20 a 24 años;Universidades Privadas;UNIVERSIDAD DE LAS AMERICAS
591250;2;199911;20 a 24 años;Universidades Privadas CRUCH;UNIVERSIDAD AUSTRAL DE CHILE
295056;1;199509;25 a 29 años;Universidades Estatales CRUCH;UNIVERSIDAD ARTURO PRAT
905723;2;200208;15 a 19 años;Universidades Estatales CRUCH;UNIVERSIDAD DE O'HIGGINS
141985;1;198909;30 a 34 años;Universidades Privadas CRUCH;UNIVERSIDAD AUSTRAL DE CHILE
987847;2;200305;15 a 19 años;Universidades Estatales CRUCH;UNIVERSIDAD DE O'HIGGINS
761149;1;200107;20 a 24 años;Universidades Estatales CRUCH;UNIVERSIDAD DE O'HIGGINS
1059504;2;200405;15 a 19 años;Universidades Privadas;UNIVERSIDAD CATOLICA CARDENAL RAUL SILVA HENRIQUEZ
97396;1;198601;35 a 39 años;Universidades Privadas CRUCH;UNIVERSIDAD CATOLICA DEL NORTE
709174;2;200204;20 a 24 años;Universidades Privadas CRUCH;UNIVERSIDAD AUSTRAL DE CHILE
427544;2;199801;20 a 24 años;Universidades Privadas CRUCH;UNIVERSIDAD CATOLICA DE LA SANTISIMA CONCEPCION
990948;2;200306;15 a 19 años;Universidades Privadas CRUCH;UNIVERSIDAD CATOLICA DE LA SANTISIMA CONCEPCION
1138632;2;199904;20 a 24 años;Universidades Estatales CRUCH;UNIVERSIDAD DE PLAYA ANCHA DE CIENCIAS DE LA EDUCACION
582867;2;200004;20 a 24 años;Universidades Estatales CRUCH;UNIVERSIDAD DE MAGALLANES
278770;2;199509;25 a 29 años;Universidades Privadas;UNIVERSIDAD DE LAS AMERICAS
1153582;2;200108;20 a 24 años;Universidades Estatales CRUCH;UNIVERSIDAD DE ANTOFAGASTA
656759;1;200008;20 a 24 años;Universidades Privadas;UNIVERSIDAD AUTONOMA DE CHILE
702736;2;200010;20 a 24 años;Universidades Privadas;UNIVERSIDAD ACADEMIA DE HUMANISMO CRISTIANO
896553;1;200207;15 a 19 años;Universidades Estatales CRUCH;UNIVERSIDAD DE PLAYA ANCHA DE CIENCIAS DE LA EDUCACION
1070345;2;199707;20 a 24 años;Universidades Estatales CRUCH;UNIVERSIDAD DE CHILE
960449;2;200302;15 a 19 años;Universidades Estatales CRUCH;UNIVERSIDAD DE PLAYA ANCHA DE CIENCIAS DE LA EDUCACION
615967;2;200010;20 a 24 años;Universidades Privadas CRUCH;UNIVERSIDAD CATOLICA DE LA SANTISIMA CONCEPCION
764048;2;200105;20 a 24 años;Universidades Privadas CRUCH;UNIVERSIDAD DE LOS ANDES
1006142;2;199905;20 a 24 años;Universidades Privadas;UNIVERSIDAD DE LAS AMERICAS
360600;2;199704;25 a 29 años;Universidades Privadas;UNIVERSIDAD SAN SEBASTIAN
981864;2;200304;15 a 19 años;Universidades Privadas CRUCH;PONTIFICIA UNIVERSIDAD CATOLICA DE VALPARAISO
971112;2;200303;15 a 19 años;Universidades Privadas CRUCH;UNIVERSIDAD CATOLICA DEL NORTE
156978;2;199003;30 a 34 años;Universidades Privadas;UNIVERSIDAD CATOLICA CARDENAL RAUL SILVA HENRIQUEZ
262378;2;199506;25 a 29 años;Universidades Privadas;UNIVERSIDAD CATOLICA CARDENAL RAUL SILVA HENRIQUEZ
442832;2;199808;20 a 24 años;Universidades Privadas CRUCH;UNIVERSIDAD CATOLICA DE LA SANTISIMA CONCEPCION
203175;2;199303;25 a 29 años;Universidades Estatales CRUCH;UNIVERSIDAD DE PLAYA ANCHA DE CIENCIAS DE LA EDUCACION
999705;2;200307;15 a 19 años;Universidades Privadas;UNIVERSIDAD AUTONOMA DE CHILE
567562;2;199911;20 a 24 años;Universidades Estatales CRUCH;UNIVERSIDAD DE ANTOFAGASTA
399044;2;199708;20 a 24 años;Universidades Privadas;UNIVERSIDAD AUTONOMA DE CHILE
618742;2;199912;20 a 24 años;Universidades Privadas CRUCH;UNIVERSIDAD AUSTRAL DE CHILE
659463;2;200005;20 a 24 años;Universidades Estatales CRUCH;UNIVERSIDAD DE PLAYA ANCHA DE CIENCIAS DE LA EDUCACION
332561;2;199706;25 a 29 años;Universidades Estatales CRUCH;UNIVERSIDAD DE PLAYA ANCHA DE CIENCIAS DE LA EDUCACION
1024646;2;200311;15 a 19 años;Universidades Privadas CRUCH;UNIVERSIDAD CATOLICA DEL NORTE
312690;2;199601;25 a 29 años;Universidades Privadas;UNIVERSIDAD CATOLICA CARDENAL RAUL SILVA HENRIQUEZ
1174507;2;200204;20 a 24 años;Universidades Privadas;UNIVERSIDAD FINIS TERRAE
696612;2;200101;20 a 24 años;Universidades Privadas CRUCH;UNIVERSIDAD AUSTRAL DE CHILE
1146535;2;199907;20 a 24 años;Universidades Estatales CRUCH;UNIVERSIDAD DE PLAYA ANCHA DE CIENCIAS DE LA EDUCACION
713686;2;199808;20 a 24 años;Universidades Privadas CRUCH;UNIVERSIDAD AUSTRAL DE CHILE
965510;1;200301;15 a 19 años;Universidades Estatales CRUCH;UNIVERSIDAD DE PLAYA ANCHA DE CIENCIAS DE LA EDUCACION
327150;2;199607;25 a 29 años;Universidades Estatales CRUCH;UNIVERSIDAD DE PLAYA ANCHA DE CIENCIAS DE LA EDUCACION
687766;2;200108;20 a 24 años;Universidades Privadas CRUCH;UNIVERSIDAD CATOLICA DEL NORTE
481290;1;199901;20 a 24 años;Universidades Estatales CRUCH;UNIVERSIDAD DE O'HIGGINS
412786;2;199806;20 a 24 años;Universidades Privadas CRUCH;UNIVERSIDAD AUSTRAL DE CHILE
432947;2;199808;20 a 24 años;Universidades Privadas CRUCH;PONTIFICIA UNIVERSIDAD CATOLICA DE VALPARAISO
851942;2;200202;20 a 24 años;Universidades Estatales CRUCH;UNIVERSIDAD DE O'HIGGINS
66222;2;198201;40 y m√°s años;Universidades Privadas;UNIVERSIDAD AUTONOMA DE CHILE
284666;2;199511;25 a 29 años;Universidades Privadas CRUCH;UNIVERSIDAD CATOLICA DE LA SANTISIMA CONCEPCION
101245;2;198611;35 a 39 años;Universidades Privadas;UNIVERSIDAD AUTONOMA DE CHILE
384885;2;199705;25 a 29 años;Universidades Privadas;UNIVERSIDAD FINIS TERRAE
495170;2;199811;20 a 24 años;Universidades Privadas CRUCH;UNIVERSIDAD DE LOS ANDES
986800;2;200305;15 a 19 años;Universidades Estatales CRUCH;UNIVERSIDAD DE ANTOFAGASTA
680952;2;200103;20 a 24 años;Universidades Privadas CRUCH;PONTIFICIA UNIVERSIDAD CATOLICA DE VALPARAISO
520018;2;199910;20 a 24 años;Universidades Privadas CRUCH;PONTIFICIA UNIVERSIDAD CATOLICA DE VALPARAISO
1146231;2;199909;20 a 24 años;Universidades Privadas;UNIVERSIDAD DE LAS AMERICAS
370235;2;199801;20 a 24 años;Universidades Privadas CRUCH;PONTIFICIA UNIVERSIDAD CATOLICA DE VALPARAISO
775658;2;200107;20 a 24 años;Universidades Estatales CRUCH;UNIVERSIDAD DE MAGALLANES
945000;2;200212;15 a 19 años;Universidades Privadas;UNIVERSIDAD CATOLICA CARDENAL RAUL SILVA HENRIQUEZ
603208;2;199912;20 a 24 años;Universidades Privadas;UNIVERSIDAD AUTONOMA DE CHILE
931668;2;200211;15 a 19 años;Universidades Privadas;UNIVERSIDAD CATOLICA CARDENAL RAUL SILVA HENRIQUEZ
1145937;2;200001;20 a 24 años;Universidades Privadas CRUCH;UNIVERSIDAD CATOLICA DE LA SANTISIMA CONCEPCION
322544;2;199607;25 a 29 años;Universidades Privadas;UNIVERSIDAD AUTONOMA DE CHILE
1176652;2;200302;15 a 19 años;Universidades Privadas;UNIVERSIDAD DE LAS AMERICAS
596487;2;200004;20 a 24 años;Universidades Estatales CRUCH;UNIVERSIDAD DE O'HIGGINS
464909;2;199808;20 a 24 años;Universidades Estatales CRUCH;UNIVERSIDAD DE PLAYA ANCHA DE CIENCIAS DE LA EDUCACION
915197;2;200209;15 a 19 años;Universidades Estatales CRUCH;UNIVERSIDAD ARTURO PRAT
1148806;1;200004;20 a 24 años;Universidades Estatales CRUCH;UNIVERSIDAD DE PLAYA ANCHA DE CIENCIAS DE LA EDUCACION
733935;2;200101;20 a 24 años;Universidades Privadas;UNIVERSIDAD CATOLICA CARDENAL RAUL SILVA HENRIQUEZ
539304;1;200005;20 a 24 años;Universidades Privadas;UNIVERSIDAD CATOLICA CARDENAL RAUL SILVA HENRIQUEZ
810861;2;200304;15 a 19 años;Universidades Estatales CRUCH;UNIVERSIDAD DE LOS LAGOS
729013;2;200103;20 a 24 años;Universidades Estatales CRUCH;UNIVERSIDAD DE O'HIGGINS
346674;2;199706;25 a 29 años;Universidades Privadas CRUCH;UNIVERSIDAD AUSTRAL DE CHILE
546625;2;199909;20 a 24 años;Universidades Estatales CRUCH;UNIVERSIDAD DE MAGALLANES
108262;2;198612;35 a 39 años;Universidades Estatales CRUCH;UNIVERSIDAD DE CHILE
951248;2;200301;15 a 19 años;Universidades Privadas CRUCH;PONTIFICIA UNIVERSIDAD CATOLICA DE VALPARAISO
672758;2;200006;20 a 24 años;Universidades Privadas;UNIVERSIDAD AUTONOMA DE CHILE
1065604;1;200312;15 a 19 años;Universidades Privadas;UNIVERSIDAD FINIS TERRAE
1127725;2;199704;25 a 29 años;Universidades Privadas;UNIVERSIDAD DE LAS AMERICAS
237542;2;199401;25 a 29 años;Universidades Privadas;UNIVERSIDAD DE LAS AMERICAS
1003189;2;200301;15 a 19 años;Universidades Privadas CRUCH;UNIVERSIDAD CATOLICA DE TEMUCO
431890;1;199809;20 a 24 años;Universidades Estatales CRUCH;UNIVERSIDAD DE TARAPACA
571998;2;199912;20 a 24 años;Universidades Estatales CRUCH;UNIVERSIDAD DE PLAYA ANCHA DE CIENCIAS DE LA EDUCACION
694760;1;200105;20 a 24 años;Universidades Privadas;UNIVERSIDAD AUTONOMA DE CHILE
339996;2;199706;25 a 29 años;Universidades Privadas;UNIVERSIDAD DE LAS AMERICAS
828570;1;200210;15 a 19 años;Universidades Privadas CRUCH;UNIVERSIDAD CATOLICA DE TEMUCO
876189;1;200205;20 a 24 años;Universidades Estatales CRUCH;UNIVERSIDAD DE O'HIGGINS
753058;2;200103;20 a 24 años;Universidades Privadas CRUCH;UNIVERSIDAD DE LOS ANDES
168421;2;199101;30 a 34 años;Universidades Privadas;UNIVERSIDAD DE LAS AMERICAS
171111;1;199107;30 a 34 años;Universidades Privadas;UNIVERSIDAD CATOLICA CARDENAL RAUL SILVA HENRIQUEZ
658088;1;200010;20 a 24 años;Universidades Privadas;UNIVERSIDAD FINIS TERRAE
205715;2;199206;30 a 34 años;Universidades Estatales CRUCH;UNIVERSIDAD DE PLAYA ANCHA DE CIENCIAS DE LA EDUCACION
621572;2;200004;20 a 24 años;Universidades Estatales CRUCH;UNIVERSIDAD DE O'HIGGINS
409420;2;199806;20 a 24 años;Universidades Privadas;UNIVERSIDAD DE LAS AMERICAS
922268;2;200210;15 a 19 años;Universidades Privadas CRUCH;UNIVERSIDAD CATOLICA DE LA SANTISIMA CONCEPCION
808844;2;200109;20 a 24 años;Universidades Privadas CRUCH;UNIVERSIDAD CATOLICA DE LA SANTISIMA CONCEPCION
213179;2;199302;25 a 29 años;Universidades Estatales CRUCH;UNIVERSIDAD DE O'HIGGINS
1002671;1;200307;15 a 19 años;Universidades Privadas;UNIVERSIDAD DE LAS AMERICAS
670786;2;200008;20 a 24 años;Universidades Estatales CRUCH;UNIVERSIDAD ARTURO PRAT
485715;2;199812;20 a 24 años;Universidades Privadas CRUCH;UNIVERSIDAD DE LOS ANDES
561407;2;199906;20 a 24 años;Universidades Estatales CRUCH;UNIVERSIDAD ARTURO PRAT
390624;2;199801;20 a 24 años;Universidades Privadas;UNIVERSIDAD AUTONOMA DE CHILE
191650;2;199206;30 a 34 años;Universidades Privadas;UNIVERSIDAD CATOLICA CARDENAL RAUL SILVA HENRIQUEZ
306079;1;199603;25 a 29 años;Universidades Estatales CRUCH;UNIVERSIDAD DE O'HIGGINS
375074;2;199804;20 a 24 años;Universidades Privadas CRUCH;UNIVERSIDAD AUSTRAL DE CHILE
1183043;2;200301;15 a 19 años;Universidades Privadas;UNIVERSIDAD DE LAS AMERICAS
642350;2;200004;20 a 24 años;Universidades Estatales CRUCH;UNIVERSIDAD DE O'HIGGINS
491963;2;199903;20 a 24 años;Universidades Privadas;UNIVERSIDAD CATOLICA CARDENAL RAUL SILVA HENRIQUEZ
360237;1;199611;25 a 29 años;Universidades Privadas;UNIVERSIDAD ACADEMIA DE HUMANISMO CRISTIANO
86601;2;198412;35 a 39 años;Universidades Privadas;UNIVERSIDAD CATOLICA CARDENAL RAUL SILVA HENRIQUEZ
536537;2;199907;20 a 24 años;Universidades Privadas CRUCH;PONTIFICIA UNIVERSIDAD CATOLICA DE VALPARAISO
960186;2;200302;15 a 19 años;Universidades Privadas CRUCH;UNIVERSIDAD CATOLICA DE LA SANTISIMA CONCEPCION
666354;2;200006;20 a 24 años;Universidades Privadas CRUCH;UNIVERSIDAD CATOLICA DE TEMUCO
407059;2;199908;20 a 24 años;Universidades Privadas;UNIVERSIDAD CATOLICA CARDENAL RAUL SILVA HENRIQUEZ
238273;2;199309;25 a 29 años;Universidades Privadas;UNIVERSIDAD CATOLICA CARDENAL RAUL SILVA HENRIQUEZ
289818;1;199506;25 a 29 años;Universidades Estatales CRUCH;UNIVERSIDAD DE TARAPACA
916239;2;200209;15 a 19 años;Universidades Privadas;UNIVERSIDAD FINIS TERRAE
257306;2;199407;25 a 29 años;Universidades Estatales CRUCH;UNIVERSIDAD DE TARAPACA
193202;2;199203;30 a 34 años;Universidades Privadas;UNIVERSIDAD CATOLICA CARDENAL RAUL SILVA HENRIQUEZ
1128490;1;199707;20 a 24 años;Universidades Estatales CRUCH;UNIVERSIDAD DE PLAYA ANCHA DE CIENCIAS DE LA EDUCACION
634184;2;200101;20 a 24 años;Universidades Estatales CRUCH;UNIVERSIDAD DE CHILE
461849;2;199901;20 a 24 años;Universidades Privadas CRUCH;UNIVERSIDAD AUSTRAL DE CHILE
677132;2;200010;20 a 24 años;Universidades Privadas CRUCH;PONTIFICIA UNIVERSIDAD CATOLICA DE VALPARAISO
501377;2;199812;20 a 24 años;Universidades Estatales CRUCH;UNIVERSIDAD DE PLAYA ANCHA DE CIENCIAS DE LA EDUCACION
924016;2;200210;15 a 19 años;Universidades Privadas CRUCH;UNIVERSIDAD CATOLICA DE LA SANTISIMA CONCEPCION
836303;2;200112;20 a 24 años;Universidades Privadas CRUCH;UNIVERSIDAD CATOLICA DE LA SANTISIMA CONCEPCION
232686;2;199312;25 a 29 años;Universidades Privadas;UNIVERSIDAD CATOLICA CARDENAL RAUL SILVA HENRIQUEZ
920878;2;200209;15 a 19 años;Universidades Privadas;UNIVERSIDAD SAN SEBASTIAN
611990;2;200002;20 a 24 años;Universidades Estatales CRUCH;UNIVERSIDAD DE ANTOFAGASTA
605623;1;200006;20 a 24 años;Universidades Privadas CRUCH;UNIVERSIDAD CATOLICA DE TEMUCO
673626;2;200008;20 a 24 años;Universidades Privadas CRUCH;UNIVERSIDAD CATOLICA DE LA SANTISIMA CONCEPCION
600480;2;200008;20 a 24 años;Universidades Estatales CRUCH;UNIVERSIDAD DE O'HIGGINS
597432;1;199911;20 a 24 años;Universidades Estatales CRUCH;UNIVERSIDAD ARTURO PRAT
344513;2;199612;25 a 29 años;Universidades Privadas;UNIVERSIDAD AUTONOMA DE CHILE
1204690;1;200101;20 a 24 años;Universidades Privadas;UNIVERSIDAD ACADEMIA DE HUMANISMO CRISTIANO
567790;2;200002;20 a 24 años;Universidades Privadas CRUCH;UNIVERSIDAD CATOLICA DEL NORTE
78002;2;198309;35 a 39 años;Universidades Privadas;UNIVERSIDAD AUTONOMA DE CHILE
543364;2;199905;20 a 24 años;Universidades Estatales CRUCH;UNIVERSIDAD DE PLAYA ANCHA DE CIENCIAS DE LA EDUCACION
770361;2;200105;20 a 24 años;Universidades Estatales CRUCH;UNIVERSIDAD DE ANTOFAGASTA
723143;2;200102;20 a 24 años;Universidades Privadas;UNIVERSIDAD DE LAS AMERICAS
654132;2;200005;20 a 24 años;Universidades Privadas;UNIVERSIDAD FINIS TERRAE
639615;2;200005;20 a 24 años;Universidades Privadas;UNIVERSIDAD CATOLICA CARDENAL RAUL SILVA HENRIQUEZ
917862;2;200209;15 a 19 años;Universidades Privadas CRUCH;UNIVERSIDAD CATOLICA DE TEMUCO
241118;2;199404;25 a 29 años;Universidades Privadas CRUCH;PONTIFICIA UNIVERSIDAD CATOLICA DE VALPARAISO
476910;2;199810;20 a 24 años;Universidades Privadas;UNIVERSIDAD SAN SEBASTIAN
645712;1;200006;20 a 24 años;Universidades Estatales CRUCH;UNIVERSIDAD DE CHILE
107355;1;198701;35 a 39 años;Universidades Estatales CRUCH;UNIVERSIDAD DE CHILE
1024551;2;200311;15 a 19 años;Universidades Estatales CRUCH;UNIVERSIDAD DE CHILE
710821;2;200012;20 a 24 años;Universidades Privadas;UNIVERSIDAD SAN SEBASTIAN
166214;2;199102;30 a 34 años;Universidades Privadas;UNIVERSIDAD DE LAS AMERICAS
468900;1;199808;20 a 24 años;Universidades Privadas CRUCH;UNIVERSIDAD DE LOS ANDES
544465;1;199910;20 a 24 años;Universidades Privadas CRUCH;UNIVERSIDAD CATOLICA DE TEMUCO
447854;2;199806;20 a 24 años;Universidades Privadas;UNIVERSIDAD AUTONOMA DE CHILE
256136;2;199512;25 a 29 años;Universidades Privadas;UNIVERSIDAD DE LAS AMERICAS
283197;2;199603;25 a 29 años;Universidades Privadas CRUCH;UNIVERSIDAD CATOLICA DEL NORTE
413680;2;199708;20 a 24 años;Universidades Privadas CRUCH;UNIVERSIDAD CATOLICA DE TEMUCO
44484;2;198101;40 y m√°s años;Universidades Estatales CRUCH;UNIVERSIDAD DE TARAPACA
820719;2;200110;20 a 24 años;Universidades Privadas CRUCH;UNIVERSIDAD CATOLICA DEL NORTE
851828;2;200202;20 a 24 años;Universidades Estatales CRUCH;UNIVERSIDAD DE CHILE
861504;2;200204;20 a 24 años;Universidades Estatales CRUCH;UNIVERSIDAD DE O'HIGGINS
487948;2;199809;20 a 24 años;Universidades Privadas CRUCH;UNIVERSIDAD AUSTRAL DE CHILE
139434;2;198901;30 a 34 años;Universidades Privadas;UNIVERSIDAD CATOLICA CARDENAL RAUL SILVA HENRIQUEZ
331743;1;199607;25 a 29 años;Universidades Privadas;UNIVERSIDAD DE LAS AMERICAS
406243;2;199801;20 a 24 años;Universidades Privadas;UNIVERSIDAD DE LAS AMERICAS
741110;2;200106;20 a 24 años;Universidades Estatales CRUCH;UNIVERSIDAD DE PLAYA ANCHA DE CIENCIAS DE LA EDUCACION
566513;2;200002;20 a 24 años;Universidades Privadas CRUCH;UNIVERSIDAD CATOLICA DE LA SANTISIMA CONCEPCION
284260;1;199504;25 a 29 años;Universidades Privadas CRUCH;UNIVERSIDAD CATOLICA DE LA SANTISIMA CONCEPCION
771492;2;200106;20 a 24 años;Universidades Privadas CRUCH;UNIVERSIDAD CATOLICA DE TEMUCO
435016;2;199801;20 a 24 años;Universidades Privadas;UNIVERSIDAD AUTONOMA DE CHILE
223260;1;199308;25 a 29 años;Universidades Privadas CRUCH;UNIVERSIDAD CATOLICA DE LA SANTISIMA CONCEPCION
868218;2;200205;20 a 24 años;Universidades Privadas CRUCH;PONTIFICIA UNIVERSIDAD CATOLICA DE VALPARAISO
973730;1;200302;15 a 19 años;Universidades Privadas;UNIVERSIDAD AUTONOMA DE CHILE
867846;1;200204;20 a 24 años;Universidades Privadas CRUCH;PONTIFICIA UNIVERSIDAD CATOLICA DE VALPARAISO
448935;2;199812;20 a 24 años;Universidades Estatales CRUCH;UNIVERSIDAD DE MAGALLANES
995028;2;200306;15 a 19 años;Universidades Privadas CRUCH;UNIVERSIDAD DE LOS ANDES
588307;1;199909;20 a 24 años;Universidades Privadas;UNIVERSIDAD AUTONOMA DE CHILE
65890;2;198204;40 y m√°s años;Universidades Privadas;UNIVERSIDAD DE LAS AMERICAS
1054083;2;200403;15 a 19 años;Universidades Privadas CRUCH;UNIVERSIDAD CATOLICA DE TEMUCO
419640;2;199807;20 a 24 años;Universidades Privadas CRUCH;UNIVERSIDAD CATOLICA DE LA SANTISIMA CONCEPCION
1180472;2;200210;15 a 19 años;Universidades Estatales CRUCH;UNIVERSIDAD DE LOS LAGOS
395328;2;199707;20 a 24 años;Universidades Estatales CRUCH;UNIVERSIDAD DE TARAPACA
969582;2;200303;15 a 19 años;Universidades Privadas CRUCH;PONTIFICIA UNIVERSIDAD CATOLICA DE VALPARAISO
677257;2;200101;20 a 24 años;Universidades Estatales CRUCH;UNIVERSIDAD DE PLAYA ANCHA DE CIENCIAS DE LA EDUCACION
288453;2;199511;25 a 29 años;Universidades Estatales CRUCH;UNIVERSIDAD DE CHILE
569883;2;200001;20 a 24 años;Universidades Privadas CRUCH;UNIVERSIDAD AUSTRAL DE CHILE
1015121;2;200307;15 a 19 años;Universidades Estatales CRUCH;UNIVERSIDAD DE LOS LAGOS
972213;2;200303;15 a 19 años;Universidades Privadas CRUCH;PONTIFICIA UNIVERSIDAD CATOLICA DE VALPARAISO
648283;2;200010;20 a 24 años;Universidades Privadas;UNIVERSIDAD CATOLICA CARDENAL RAUL SILVA HENRIQUEZ
1033224;2;200312;15 a 19 años;Universidades Privadas;UNIVERSIDAD AUTONOMA DE CHILE
238577;2;199407;25 a 29 años;Universidades Privadas;UNIVERSIDAD CATOLICA CARDENAL RAUL SILVA HENRIQUEZ
461032;2;199810;20 a 24 años;Universidades Privadas CRUCH;UNIVERSIDAD CATOLICA DEL NORTE
695354;1;200012;20 a 24 años;Universidades Privadas CRUCH;PONTIFICIA UNIVERSIDAD CATOLICA DE VALPARAISO
916438;2;200209;15 a 19 años;Universidades Privadas;UNIVERSIDAD CATOLICA CARDENAL RAUL SILVA HENRIQUEZ
228965;2;199403;25 a 29 años;Universidades Estatales CRUCH;UNIVERSIDAD DE PLAYA ANCHA DE CIENCIAS DE LA EDUCACION
608431;1;199911;20 a 24 años;Universidades Privadas CRUCH;UNIVERSIDAD CATOLICA DE LA SANTISIMA CONCEPCION
574547;2;199908;20 a 24 años;Universidades Privadas CRUCH;UNIVERSIDAD CATOLICA DE TEMUCO
127080;2;198804;30 a 34 años;Universidades Privadas;UNIVERSIDAD DE LAS AMERICAS
539602;2;199901;20 a 24 años;Universidades Privadas CRUCH;UNIVERSIDAD CATOLICA DE TEMUCO
993879;2;200306;15 a 19 años;Universidades Estatales CRUCH;UNIVERSIDAD DE CHILE
802170;2;200109;20 a 24 años;Universidades Privadas CRUCH;UNIVERSIDAD DE LOS ANDES
251847;2;199508;25 a 29 años;Universidades Privadas CRUCH;UNIVERSIDAD AUSTRAL DE CHILE
625116;2;200002;20 a 24 años;Universidades Privadas;UNIVERSIDAD AUTONOMA DE CHILE
562367;2;199911;20 a 24 años;Universidades Estatales CRUCH;UNIVERSIDAD ARTURO PRAT
484720;2;199811;20 a 24 años;Universidades Estatales CRUCH;UNIVERSIDAD DE O'HIGGINS
297890;1;199607;25 a 29 años;Universidades Privadas;UNIVERSIDAD AUTONOMA DE CHILE
748466;2;200107;20 a 24 años;Universidades Privadas;UNIVERSIDAD CATOLICA CARDENAL RAUL SILVA HENRIQUEZ
445477;2;199810;20 a 24 años;Universidades Estatales CRUCH;UNIVERSIDAD DE CHILE
190119;2;199110;30 a 34 años;Universidades Privadas;UNIVERSIDAD DE LAS AMERICAS
464253;2;199812;20 a 24 años;Universidades Estatales CRUCH;UNIVERSIDAD DE CHILE
371591;2;199711;20 a 24 años;Universidades Privadas CRUCH;UNIVERSIDAD AUSTRAL DE CHILE
1181685;2;200310;15 a 19 años;Universidades Privadas CRUCH;UNIVERSIDAD DE LOS ANDES
723512;2;200104;20 a 24 años;Universidades Estatales CRUCH;UNIVERSIDAD DE ANTOFAGASTA
391832;2;199809;20 a 24 años;Universidades Privadas CRUCH;UNIVERSIDAD CATOLICA DEL NORTE
402408;2;199802;20 a 24 años;Universidades Privadas CRUCH;PONTIFICIA UNIVERSIDAD CATOLICA DE VALPARAISO
137410;2;198811;30 a 34 años;Universidades Estatales CRUCH;UNIVERSIDAD DE TARAPACA
959957;2;200302;15 a 19 años;Universidades Privadas CRUCH;UNIVERSIDAD CATOLICA DE LA SANTISIMA CONCEPCION
78098;1;198401;35 a 39 años;Universidades Privadas;UNIVERSIDAD CATOLICA CARDENAL RAUL SILVA HENRIQUEZ
654777;2;200006;20 a 24 años;Universidades Privadas;UNIVERSIDAD CATOLICA CARDENAL RAUL SILVA HENRIQUEZ
562846;2;200002;20 a 24 años;Universidades Estatales CRUCH;UNIVERSIDAD ARTURO PRAT
772387;1;200106;20 a 24 años;Universidades Privadas CRUCH;UNIVERSIDAD CATOLICA DEL NORTE
327363;1;199701;25 a 29 años;Universidades Estatales CRUCH;UNIVERSIDAD DE PLAYA ANCHA DE CIENCIAS DE LA EDUCACION
71411;2;198307;35 a 39 años;Universidades Privadas CRUCH;UNIVERSIDAD CATOLICA DE LA SANTISIMA CONCEPCION
649504;2;200009;20 a 24 años;Universidades Privadas CRUCH;UNIVERSIDAD DE LOS ANDES
545593;2;199904;20 a 24 años;Universidades Privadas CRUCH;PONTIFICIA UNIVERSIDAD CATOLICA DE VALPARAISO
945322;2;200212;15 a 19 años;Universidades Privadas CRUCH;UNIVERSIDAD DE LOS ANDES
559103;2;199910;20 a 24 años;Universidades Privadas;UNIVERSIDAD AUTONOMA DE CHILE
936571;1;200211;15 a 19 años;Universidades Privadas;UNIVERSIDAD AUTONOMA DE CHILE
891260;2;200206;20 a 24 años;Universidades Estatales CRUCH;UNIVERSIDAD DE CHILE
783772;2;200202;20 a 24 años;Universidades Privadas CRUCH;UNIVERSIDAD CATOLICA DEL NORTE
232913;1;199402;25 a 29 años;Universidades Privadas;UNIVERSIDAD CATOLICA CARDENAL RAUL SILVA HENRIQUEZ
812877;2;200108;20 a 24 años;Universidades Privadas CRUCH;UNIVERSIDAD CATOLICA DE LA SANTISIMA CONCEPCION
600209;2;200012;20 a 24 años;Universidades Privadas CRUCH;UNIVERSIDAD AUSTRAL DE CHILE
326227;1;199608;25 a 29 años;Universidades Privadas;UNIVERSIDAD AUTONOMA DE CHILE
723979;2;200106;20 a 24 años;Universidades Privadas;UNIVERSIDAD CATOLICA CARDENAL RAUL SILVA HENRIQUEZ
300057;2;199604;25 a 29 años;Universidades Estatales CRUCH;UNIVERSIDAD DE O'HIGGINS
592149;1;200002;20 a 24 años;Universidades Privadas CRUCH;UNIVERSIDAD CATOLICA DE TEMUCO
116230;2;198712;30 a 34 años;Universidades Estatales CRUCH;UNIVERSIDAD DE PLAYA ANCHA DE CIENCIAS DE LA EDUCACION
638949;1;200002;20 a 24 años;Universidades Privadas;UNIVERSIDAD AUTONOMA DE CHILE
556969;1;199906;20 a 24 años;Universidades Estatales CRUCH;UNIVERSIDAD DE O'HIGGINS
622786;2;200002;20 a 24 años;Universidades Privadas;UNIVERSIDAD ACADEMIA DE HUMANISMO CRISTIANO
555905;2;199904;20 a 24 años;Universidades Privadas;UNIVERSIDAD AUTONOMA DE CHILE
338633;2;199609;25 a 29 años;Universidades Privadas CRUCH;UNIVERSIDAD AUSTRAL DE CHILE
1125839;2;199506;25 a 29 años;Universidades Privadas;UNIVERSIDAD DE LAS AMERICAS
1154508;2;200005;20 a 24 años;Universidades Privadas CRUCH;PONTIFICIA UNIVERSIDAD CATOLICA DE VALPARAISO
648204;1;200010;20 a 24 años;Universidades Privadas;UNIVERSIDAD CATOLICA CARDENAL RAUL SILVA HENRIQUEZ
207672;1;199308;25 a 29 años;Universidades Privadas;UNIVERSIDAD SAN SEBASTIAN
199668;2;199303;25 a 29 años;Universidades Estatales CRUCH;UNIVERSIDAD DE ANTOFAGASTA
734467;2;200103;20 a 24 años;Universidades Estatales CRUCH;UNIVERSIDAD DE CHILE
568566;2;199909;20 a 24 años;Universidades Privadas CRUCH;UNIVERSIDAD AUSTRAL DE CHILE
562916;2;200003;20 a 24 años;Universidades Estatales CRUCH;UNIVERSIDAD ARTURO PRAT
182816;2;199107;30 a 34 años;Universidades Privadas;UNIVERSIDAD DE LAS AMERICAS
518000;2;199907;20 a 24 años;Universidades Privadas;UNIVERSIDAD DE LAS AMERICAS
1173771;2;200203;20 a 24 años;Universidades Privadas CRUCH;PONTIFICIA UNIVERSIDAD CATOLICA DE VALPARAISO
558868;2;199909;20 a 24 años;Universidades Privadas;UNIVERSIDAD ACADEMIA DE HUMANISMO CRISTIANO
506583;2;199902;20 a 24 años;Universidades Privadas CRUCH;UNIVERSIDAD CATOLICA DE TEMUCO
304738;2;199606;25 a 29 años;Universidades Estatales CRUCH;UNIVERSIDAD DE ANTOFAGASTA
807029;2;200112;20 a 24 años;Universidades Estatales CRUCH;UNIVERSIDAD DE CHILE
406446;2;199806;20 a 24 años;Universidades Privadas;UNIVERSIDAD ACADEMIA DE HUMANISMO CRISTIANO
610396;2;200001;20 a 24 años;Universidades Privadas CRUCH;UNIVERSIDAD CATOLICA DE TEMUCO
461737;2;199807;20 a 24 años;Universidades Privadas CRUCH;UNIVERSIDAD AUSTRAL DE CHILE
681938;2;200010;20 a 24 años;Universidades Privadas;UNIVERSIDAD CATOLICA CARDENAL RAUL SILVA HENRIQUEZ
532567;2;199907;20 a 24 años;Universidades Privadas CRUCH;PONTIFICIA UNIVERSIDAD CATOLICA DE VALPARAISO
899578;2;200207;15 a 19 años;Universidades Estatales CRUCH;UNIVERSIDAD DE CHILE
240257;1;199401;25 a 29 años;Universidades Privadas CRUCH;UNIVERSIDAD AUSTRAL DE CHILE
318103;2;199602;25 a 29 años;Universidades Privadas CRUCH;PONTIFICIA UNIVERSIDAD CATOLICA DE VALPARAISO
590959;2;199907;20 a 24 años;Universidades Estatales CRUCH;UNIVERSIDAD DE CHILE
114324;2;198705;35 a 39 años;Universidades Privadas;UNIVERSIDAD AUTONOMA DE CHILE
1193663;2;199709;20 a 24 años;Universidades Estatales CRUCH;UNIVERSIDAD DE ANTOFAGASTA
799005;2;200108;20 a 24 años;Universidades Estatales CRUCH;UNIVERSIDAD DE CHILE
256974;2;199607;25 a 29 años;Universidades Privadas;UNIVERSIDAD ACADEMIA DE HUMANISMO CRISTIANO
738309;2;200108;20 a 24 años;Universidades Privadas CRUCH;UNIVERSIDAD DE LOS ANDES
731584;2;200104;20 a 24 años;Universidades Privadas CRUCH;UNIVERSIDAD DE LOS ANDES
929225;2;200210;15 a 19 años;Universidades Privadas CRUCH;UNIVERSIDAD CATOLICA DE TEMUCO
563192;2;200003;20 a 24 años;Universidades Privadas CRUCH;UNIVERSIDAD DE LOS ANDES
603205;2;199912;20 a 24 años;Universidades Privadas CRUCH;UNIVERSIDAD CATOLICA DE TEMUCO
127343;2;198812;30 a 34 años;Universidades Privadas;UNIVERSIDAD SAN SEBASTIAN
299456;2;199606;25 a 29 años;Universidades Privadas;UNIVERSIDAD CATOLICA CARDENAL RAUL SILVA HENRIQUEZ
110424;2;198703;35 a 39 años;Universidades Privadas;UNIVERSIDAD CATOLICA CARDENAL RAUL SILVA HENRIQUEZ
939146;1;200303;15 a 19 años;Universidades Privadas CRUCH;UNIVERSIDAD CATOLICA DE LA SANTISIMA CONCEPCION
825345;2;200111;20 a 24 años;Universidades Estatales CRUCH;UNIVERSIDAD DE O'HIGGINS
336758;2;199609;25 a 29 años;Universidades Estatales CRUCH;UNIVERSIDAD DE PLAYA ANCHA DE CIENCIAS DE LA EDUCACION
333737;2;199606;25 a 29 años;Universidades Estatales CRUCH;UNIVERSIDAD DE TARAPACA
1068311;2;200303;15 a 19 años;Universidades Estatales CRUCH;UNIVERSIDAD DE MAGALLANES
547171;2;199912;20 a 24 años;Universidades Privadas CRUCH;UNIVERSIDAD CATOLICA DEL NORTE
1163718;2;200103;20 a 24 años;Universidades Privadas CRUCH;PONTIFICIA UNIVERSIDAD CATOLICA DE VALPARAISO
446014;2;199905;20 a 24 años;Universidades Privadas;UNIVERSIDAD DE LAS AMERICAS
514692;1;199908;20 a 24 años;Universidades Privadas CRUCH;UNIVERSIDAD CATOLICA DEL NORTE
677401;2;200106;20 a 24 años;Universidades Privadas CRUCH;PONTIFICIA UNIVERSIDAD CATOLICA DE VALPARAISO
1149085;2;200001;20 a 24 años;Universidades Privadas;UNIVERSIDAD DE LAS AMERICAS
794944;1;200107;20 a 24 años;Universidades Estatales CRUCH;UNIVERSIDAD DE CHILE
1211601;2;197509;40 y m√°s años;Universidades Estatales CRUCH;UNIVERSIDAD DE O'HIGGINS
485042;2;199903;20 a 24 años;Universidades Privadas CRUCH;PONTIFICIA UNIVERSIDAD CATOLICA DE VALPARAISO
728678;2;200102;20 a 24 años;Universidades Estatales CRUCH;UNIVERSIDAD DE O'HIGGINS
1106921;2;198811;30 a 34 años;Universidades Estatales CRUCH;UNIVERSIDAD DE TARAPACA
905560;2;200208;15 a 19 años;Universidades Privadas CRUCH;UNIVERSIDAD DE LOS ANDES
444355;2;199805;20 a 24 años;Universidades Estatales CRUCH;UNIVERSIDAD DE CHILE
338689;2;199612;25 a 29 años;Universidades Privadas;UNIVERSIDAD ACADEMIA DE HUMANISMO CRISTIANO
203005;2;199209;25 a 29 años;Universidades Estatales CRUCH;UNIVERSIDAD DE ANTOFAGASTA
539178;2;200003;20 a 24 años;Universidades Privadas;UNIVERSIDAD AUTONOMA DE CHILE
346948;2;199707;20 a 24 años;Universidades Estatales CRUCH;UNIVERSIDAD DE CHILE
482778;2;199907;20 a 24 años;Universidades Privadas CRUCH;UNIVERSIDAD AUSTRAL DE CHILE
1198504;2;199807;20 a 24 años;Universidades Privadas;UNIVERSIDAD DE LAS AMERICAS
269526;2;199509;25 a 29 años;Universidades Estatales CRUCH;UNIVERSIDAD DE ANTOFAGASTA
707081;2;200101;20 a 24 años;Universidades Privadas CRUCH;PONTIFICIA UNIVERSIDAD CATOLICA DE VALPARAISO
354535;1;199705;25 a 29 años;Universidades Estatales CRUCH;UNIVERSIDAD DE ANTOFAGASTA
560903;2;200010;20 a 24 años;Universidades Estatales CRUCH;UNIVERSIDAD DE CHILE
899629;2;200207;15 a 19 años;Universidades Privadas CRUCH;UNIVERSIDAD CATOLICA DE LA SANTISIMA CONCEPCION
608899;2;199909;20 a 24 años;Universidades Privadas;UNIVERSIDAD SAN SEBASTIAN
122224;2;198612;35 a 39 años;Universidades Privadas CRUCH;UNIVERSIDAD CATOLICA DE TEMUCO
1192808;2;200405;15 a 19 años;Universidades Privadas CRUCH;UNIVERSIDAD CATOLICA DEL NORTE
276448;2;199406;25 a 29 años;Universidades Estatales CRUCH;UNIVERSIDAD DE TARAPACA
435409;1;199807;20 a 24 años;Universidades Privadas;UNIVERSIDAD AUTONOMA DE CHILE
568767;2;200004;20 a 24 años;Universidades Privadas CRUCH;UNIVERSIDAD AUSTRAL DE CHILE
673203;2;200010;20 a 24 años;Universidades Privadas CRUCH;UNIVERSIDAD AUSTRAL DE CHILE
635940;2;200004;20 a 24 años;Universidades Privadas CRUCH;UNIVERSIDAD DE LOS ANDES
549419;2;200005;20 a 24 años;Universidades Privadas CRUCH;PONTIFICIA UNIVERSIDAD CATOLICA DE VALPARAISO
182444;2;199111;30 a 34 años;Universidades Privadas CRUCH;UNIVERSIDAD CATOLICA DE TEMUCO
465273;2;199903;20 a 24 años;Universidades Privadas CRUCH;PONTIFICIA UNIVERSIDAD CATOLICA DE VALPARAISO
58149;1;198201;40 y m√°s años;Universidades Privadas;UNIVERSIDAD DE LAS AMERICAS
795385;1;200108;20 a 24 años;Universidades Privadas;UNIVERSIDAD FINIS TERRAE
197956;2;198906;30 a 34 años;Universidades Privadas;UNIVERSIDAD AUTONOMA DE CHILE
439960;2;199901;20 a 24 años;Universidades Privadas;UNIVERSIDAD AUTONOMA DE CHILE
1115888;2;199212;25 a 29 años;Universidades Estatales CRUCH;UNIVERSIDAD DE O'HIGGINS
625831;2;200005;20 a 24 años;Universidades Estatales CRUCH;UNIVERSIDAD DE CHILE
1121446;2;199412;25 a 29 años;Universidades Privadas;UNIVERSIDAD CATOLICA CARDENAL RAUL SILVA HENRIQUEZ
997637;2;200307;15 a 19 años;Universidades Estatales CRUCH;UNIVERSIDAD ARTURO PRAT
160744;2;199101;30 a 34 años;Universidades Privadas;UNIVERSIDAD DE LAS AMERICAS
741033;2;200104;20 a 24 años;Universidades Privadas CRUCH;PONTIFICIA UNIVERSIDAD CATOLICA DE VALPARAISO
580796;2;200003;20 a 24 años;Universidades Privadas;UNIVERSIDAD SAN SEBASTIAN
495138;2;199811;20 a 24 años;Universidades Privadas CRUCH;UNIVERSIDAD DE LOS ANDES
294807;2;199702;25 a 29 años;Universidades Estatales CRUCH;UNIVERSIDAD DE PLAYA ANCHA DE CIENCIAS DE LA EDUCACION
618612;2;200003;20 a 24 años;Universidades Privadas CRUCH;UNIVERSIDAD AUSTRAL DE CHILE
436780;2;199801;20 a 24 años;Universidades Estatales CRUCH;UNIVERSIDAD DE CHILE
984533;2;200305;15 a 19 años;Universidades Privadas;UNIVERSIDAD AUTONOMA DE CHILE
223473;2;199312;25 a 29 años;Universidades Privadas CRUCH;UNIVERSIDAD CATOLICA DEL NORTE
527915;1;199902;20 a 24 años;Universidades Estatales CRUCH;UNIVERSIDAD DE O'HIGGINS
8460;1;197011;40 y m√°s años;Universidades Privadas;UNIVERSIDAD DE LAS AMERICAS
429376;2;199802;20 a 24 años;Universidades Privadas CRUCH;UNIVERSIDAD CATOLICA DE TEMUCO
866044;2;200204;20 a 24 años;Universidades Privadas;UNIVERSIDAD CATOLICA CARDENAL RAUL SILVA HENRIQUEZ
299415;2;199604;25 a 29 años;Universidades Privadas CRUCH;PONTIFICIA UNIVERSIDAD CATOLICA DE VALPARAISO
372271;2;199705;25 a 29 años;Universidades Privadas;UNIVERSIDAD DE LAS AMERICAS
516010;2;199904;20 a 24 años;Universidades Estatales CRUCH;UNIVERSIDAD DE CHILE
499998;2;199907;20 a 24 años;Universidades Privadas CRUCH;UNIVERSIDAD CATOLICA DE TEMUCO
271628;2;199508;25 a 29 años;Universidades Privadas;UNIVERSIDAD ACADEMIA DE HUMANISMO CRISTIANO
603711;2;200008;20 a 24 años;Universidades Privadas;UNIVERSIDAD AUTONOMA DE CHILE
286258;2;199601;25 a 29 años;Universidades Privadas CRUCH;UNIVERSIDAD CATOLICA DE LA SANTISIMA CONCEPCION
587348;2;200102;20 a 24 años;Universidades Privadas CRUCH;UNIVERSIDAD CATOLICA DE TEMUCO
685214;2;200102;20 a 24 años;Universidades Privadas CRUCH;PONTIFICIA UNIVERSIDAD CATOLICA DE VALPARAISO
134720;1;198906;30 a 34 años;Universidades Privadas;UNIVERSIDAD CATOLICA CARDENAL RAUL SILVA HENRIQUEZ
539317;2;200005;20 a 24 años;Universidades Privadas;UNIVERSIDAD DE LAS AMERICAS
337898;1;199706;25 a 29 años;Universidades Privadas CRUCH;UNIVERSIDAD CATOLICA DE TEMUCO
439028;2;199809;20 a 24 años;Universidades Privadas CRUCH;UNIVERSIDAD DE LOS ANDES
108182;2;198706;35 a 39 años;Universidades Estatales CRUCH;UNIVERSIDAD DE O'HIGGINS
521214;1;199907;20 a 24 años;Universidades Estatales CRUCH;UNIVERSIDAD DE O'HIGGINS
326980;2;199612;25 a 29 años;Universidades Privadas;UNIVERSIDAD DE LAS AMERICAS
593586;1;200006;20 a 24 años;Universidades Privadas CRUCH;UNIVERSIDAD AUSTRAL DE CHILE
381155;2;199707;20 a 24 años;Universidades Estatales CRUCH;UNIVERSIDAD DE PLAYA ANCHA DE CIENCIAS DE LA EDUCACION
849360;2;200202;20 a 24 años;Universidades Estatales CRUCH;UNIVERSIDAD ARTURO PRAT
732346;1;200106;20 a 24 años;Universidades Privadas;UNIVERSIDAD AUTONOMA DE CHILE
751995;2;200102;20 a 24 años;Universidades Privadas CRUCH;UNIVERSIDAD CATOLICA DEL NORTE
944469;2;200212;15 a 19 años;Universidades Estatales CRUCH;UNIVERSIDAD DE O'HIGGINS
563714;2;200005;20 a 24 años;Universidades Privadas CRUCH;UNIVERSIDAD CATOLICA DE TEMUCO
951956;1;200301;15 a 19 años;Universidades Privadas CRUCH;UNIVERSIDAD DE LOS ANDES
218572;2;199305;25 a 29 años;Universidades Privadas;UNIVERSIDAD DE LAS AMERICAS
819466;2;200110;20 a 24 años;Universidades Privadas CRUCH;UNIVERSIDAD CATOLICA DE LA SANTISIMA CONCEPCION
805124;2;200111;20 a 24 años;Universidades Privadas CRUCH;PONTIFICIA UNIVERSIDAD CATOLICA DE VALPARAISO
394619;2;199705;25 a 29 años;Universidades Privadas CRUCH;PONTIFICIA UNIVERSIDAD CATOLICA DE VALPARAISO
1052159;2;200403;15 a 19 años;Universidades Privadas;UNIVERSIDAD FINIS TERRAE
907396;2;200208;15 a 19 años;Universidades Privadas;UNIVERSIDAD AUTONOMA DE CHILE
410146;2;199809;20 a 24 años;Universidades Privadas;UNIVERSIDAD CATOLICA CARDENAL RAUL SILVA HENRIQUEZ
961798;2;200302;15 a 19 años;Universidades Estatales CRUCH;UNIVERSIDAD DE MAGALLANES
1024148;2;200310;15 a 19 años;Universidades Privadas CRUCH;PONTIFICIA UNIVERSIDAD CATOLICA DE VALPARAISO
167089;2;198802;30 a 34 años;Universidades Privadas;UNIVERSIDAD AUTONOMA DE CHILE
837506;2;200201;20 a 24 años;Universidades Privadas CRUCH;UNIVERSIDAD CATOLICA DE LA SANTISIMA CONCEPCION
654775;2;200007;20 a 24 años;Universidades Privadas;UNIVERSIDAD CATOLICA CARDENAL RAUL SILVA HENRIQUEZ
406139;2;199901;20 a 24 años;Universidades Estatales CRUCH;UNIVERSIDAD DE PLAYA ANCHA DE CIENCIAS DE LA EDUCACION
660386;2;200010;20 a 24 años;Universidades Privadas CRUCH;PONTIFICIA UNIVERSIDAD CATOLICA DE VALPARAISO
394724;2;199708;20 a 24 años;Universidades Estatales CRUCH;UNIVERSIDAD DE PLAYA ANCHA DE CIENCIAS DE LA EDUCACION
531391;2;199911;20 a 24 años;Universidades Privadas;UNIVERSIDAD AUTONOMA DE CHILE
825040;2;200111;20 a 24 años;Universidades Privadas CRUCH;UNIVERSIDAD DE LOS ANDES
493124;2;199812;20 a 24 años;Universidades Estatales CRUCH;UNIVERSIDAD DE PLAYA ANCHA DE CIENCIAS DE LA EDUCACION
773507;2;200106;20 a 24 años;Universidades Privadas CRUCH;UNIVERSIDAD CATOLICA DE TEMUCO
718491;2;200012;20 a 24 años;Universidades Privadas;UNIVERSIDAD CATOLICA CARDENAL RAUL SILVA HENRIQUEZ
1028117;1;200311;15 a 19 años;Universidades Privadas CRUCH;UNIVERSIDAD CATOLICA DEL NORTE
457167;2;199807;20 a 24 años;Universidades Privadas;UNIVERSIDAD CATOLICA CARDENAL RAUL SILVA HENRIQUEZ
650655;2;200005;20 a 24 años;Universidades Privadas CRUCH;PONTIFICIA UNIVERSIDAD CATOLICA DE VALPARAISO
918218;2;200209;15 a 19 años;Universidades Privadas CRUCH;PONTIFICIA UNIVERSIDAD CATOLICA DE VALPARAISO
422732;2;199710;20 a 24 años;Universidades Privadas;UNIVERSIDAD ACADEMIA DE HUMANISMO CRISTIANO
497589;2;199905;20 a 24 años;Universidades Privadas CRUCH;UNIVERSIDAD DE LOS ANDES
771488;2;200104;20 a 24 años;Universidades Privadas CRUCH;UNIVERSIDAD AUSTRAL DE CHILE
352117;2;199611;25 a 29 años;Universidades Privadas;UNIVERSIDAD CATOLICA CARDENAL RAUL SILVA HENRIQUEZ
1032830;2;200312;15 a 19 años;Universidades Estatales CRUCH;UNIVERSIDAD DE MAGALLANES
341867;2;199611;25 a 29 años;Universidades Privadas CRUCH;UNIVERSIDAD CATOLICA DE TEMUCO
988209;2;200305;15 a 19 años;Universidades Estatales CRUCH;UNIVERSIDAD DE PLAYA ANCHA DE CIENCIAS DE LA EDUCACION
1162877;2;200107;20 a 24 años;Universidades Privadas;UNIVERSIDAD FINIS TERRAE
390745;2;199809;20 a 24 años;Universidades Privadas;UNIVERSIDAD CATOLICA CARDENAL RAUL SILVA HENRIQUEZ
63829;2;198209;35 a 39 años;Universidades Privadas CRUCH;UNIVERSIDAD CATOLICA DE TEMUCO
576695;2;199907;20 a 24 años;Universidades Privadas CRUCH;UNIVERSIDAD DE LOS ANDES
464115;2;199811;20 a 24 años;Universidades Estatales CRUCH;UNIVERSIDAD ARTURO PRAT
612714;2;200006;20 a 24 años;Universidades Estatales CRUCH;UNIVERSIDAD DE O'HIGGINS
106928;2;198606;35 a 39 años;Universidades Estatales CRUCH;UNIVERSIDAD DE TARAPACA
1174410;2;200110;20 a 24 años;Universidades Privadas;UNIVERSIDAD DE LAS AMERICAS
402787;2;199801;20 a 24 años;Universidades Privadas;UNIVERSIDAD AUTONOMA DE CHILE
403501;1;199809;20 a 24 años;Universidades Privadas CRUCH;UNIVERSIDAD CATOLICA DE TEMUCO
81461;2;198406;35 a 39 años;Universidades Privadas;UNIVERSIDAD CATOLICA CARDENAL RAUL SILVA HENRIQUEZ
662788;2;200011;20 a 24 años;Universidades Privadas CRUCH;PONTIFICIA UNIVERSIDAD CATOLICA DE VALPARAISO
644055;2;200007;20 a 24 años;Universidades Privadas CRUCH;UNIVERSIDAD DE LOS ANDES
720364;2;200103;20 a 24 años;Universidades Privadas;UNIVERSIDAD CATOLICA CARDENAL RAUL SILVA HENRIQUEZ
585831;2;200002;20 a 24 años;Universidades Estatales CRUCH;UNIVERSIDAD DE CHILE
153939;2;199001;30 a 34 años;Universidades Estatales CRUCH;UNIVERSIDAD DE TARAPACA
541677;2;199904;20 a 24 años;Universidades Privadas;UNIVERSIDAD AUTONOMA DE CHILE
755999;2;200104;20 a 24 años;Universidades Estatales CRUCH;UNIVERSIDAD DE O'HIGGINS
1100906;2;198401;35 a 39 años;Universidades Privadas;UNIVERSIDAD DE LAS AMERICAS
1003398;2;200307;15 a 19 años;Universidades Privadas CRUCH;UNIVERSIDAD DE LOS ANDES
279131;2;199507;25 a 29 años;Universidades Privadas CRUCH;UNIVERSIDAD AUSTRAL DE CHILE
600073;2;200008;20 a 24 años;Universidades Privadas;UNIVERSIDAD ACADEMIA DE HUMANISMO CRISTIANO
670255;2;200005;20 a 24 años;Universidades Estatales CRUCH;UNIVERSIDAD ARTURO PRAT
487844;2;200002;20 a 24 años;Universidades Privadas CRUCH;UNIVERSIDAD CATOLICA DE TEMUCO
150951;2;198810;30 a 34 años;Universidades Estatales CRUCH;UNIVERSIDAD ARTURO PRAT
746167;2;200102;20 a 24 años;Universidades Estatales CRUCH;UNIVERSIDAD ARTURO PRAT
715026;1;200108;20 a 24 años;Universidades Estatales CRUCH;UNIVERSIDAD DE LOS LAGOS
984879;2;200303;15 a 19 años;Universidades Estatales CRUCH;UNIVERSIDAD DE CHILE
1164657;2;200105;20 a 24 años;Universidades Privadas CRUCH;UNIVERSIDAD CATOLICA DE LA SANTISIMA CONCEPCION
1057754;1;200405;15 a 19 años;Universidades Privadas CRUCH;UNIVERSIDAD CATOLICA DE LA SANTISIMA CONCEPCION
474618;2;199902;20 a 24 años;Universidades Privadas CRUCH;UNIVERSIDAD CATOLICA DE TEMUCO
318539;2;199608;25 a 29 años;Universidades Estatales CRUCH;UNIVERSIDAD DE CHILE
591443;2;200002;20 a 24 años;Universidades Privadas CRUCH;UNIVERSIDAD AUSTRAL DE CHILE
143094;1;198907;30 a 34 años;Universidades Privadas CRUCH;UNIVERSIDAD CATOLICA DE LA SANTISIMA CONCEPCION
454948;2;199902;20 a 24 años;Universidades Estatales CRUCH;UNIVERSIDAD DE ANTOFAGASTA
378117;2;199409;25 a 29 años;Universidades Privadas CRUCH;UNIVERSIDAD CATOLICA DE TEMUCO
478365;1;199810;20 a 24 años;Universidades Privadas CRUCH;UNIVERSIDAD CATOLICA DE LA SANTISIMA CONCEPCION
161988;2;199007;30 a 34 años;Universidades Privadas CRUCH;UNIVERSIDAD CATOLICA DE LA SANTISIMA CONCEPCION
624560;1;200011;20 a 24 años;Universidades Privadas CRUCH;UNIVERSIDAD CATOLICA DEL NORTE
414004;2;199712;20 a 24 años;Universidades Privadas;UNIVERSIDAD AUTONOMA DE CHILE
605814;2;200007;20 a 24 años;Universidades Privadas CRUCH;UNIVERSIDAD CATOLICA DE TEMUCO
626393;2;200008;20 a 24 años;Universidades Privadas;UNIVERSIDAD AUTONOMA DE CHILE
838519;2;200201;20 a 24 años;Universidades Privadas CRUCH;UNIVERSIDAD CATOLICA DE TEMUCO
642555;2;200005;20 a 24 años;Universidades Estatales CRUCH;UNIVERSIDAD DE O'HIGGINS
281189;2;199604;25 a 29 años;Universidades Privadas CRUCH;UNIVERSIDAD AUSTRAL DE CHILE
435960;2;199802;20 a 24 años;Universidades Privadas CRUCH;PONTIFICIA UNIVERSIDAD CATOLICA DE VALPARAISO
847631;2;200202;20 a 24 años;Universidades Privadas;UNIVERSIDAD SAN SEBASTIAN
341678;1;199608;25 a 29 años;Universidades Privadas CRUCH;UNIVERSIDAD CATOLICA DE TEMUCO
462646;2;199809;20 a 24 años;Universidades Estatales CRUCH;UNIVERSIDAD DE PLAYA ANCHA DE CIENCIAS DE LA EDUCACION
487476;2;199902;20 a 24 años;Universidades Privadas CRUCH;UNIVERSIDAD DE LOS ANDES
382415;1;199712;20 a 24 años;Universidades Privadas CRUCH;UNIVERSIDAD AUSTRAL DE CHILE
222902;2;199302;25 a 29 años;Universidades Privadas;UNIVERSIDAD DE LAS AMERICAS
492972;1;199908;20 a 24 años;Universidades Privadas;UNIVERSIDAD FINIS TERRAE
1019536;2;200306;15 a 19 años;Universidades Privadas CRUCH;UNIVERSIDAD CATOLICA DE TEMUCO
348999;2;199610;25 a 29 años;Universidades Privadas;UNIVERSIDAD AUTONOMA DE CHILE
297439;2;199510;25 a 29 años;Universidades Privadas CRUCH;UNIVERSIDAD CATOLICA DE TEMUCO
628287;2;200011;20 a 24 años;Universidades Privadas CRUCH;UNIVERSIDAD AUSTRAL DE CHILE
474653;1;199903;20 a 24 años;Universidades Privadas CRUCH;UNIVERSIDAD AUSTRAL DE CHILE
460788;2;199807;20 a 24 años;Universidades Estatales CRUCH;UNIVERSIDAD DE ANTOFAGASTA
177993;2;200101;20 a 24 años;Universidades Privadas CRUCH;UNIVERSIDAD CATOLICA DE TEMUCO
841449;2;200112;20 a 24 años;Universidades Privadas;UNIVERSIDAD AUTONOMA DE CHILE
606054;2;200008;20 a 24 años;Universidades Privadas CRUCH;UNIVERSIDAD CATOLICA DE TEMUCO
689063;2;200007;20 a 24 años;Universidades Estatales CRUCH;UNIVERSIDAD DE CHILE
129334;2;198806;30 a 34 años;Universidades Privadas CRUCH;UNIVERSIDAD CATOLICA DE TEMUCO
666625;1;200004;20 a 24 años;Universidades Estatales CRUCH;UNIVERSIDAD DE O'HIGGINS
1145193;1;199907;20 a 24 años;Universidades Privadas CRUCH;UNIVERSIDAD CATOLICA DEL NORTE
497596;2;199905;20 a 24 años;Universidades Privadas CRUCH;UNIVERSIDAD DE LOS ANDES
767576;2;200205;20 a 24 años;Universidades Privadas CRUCH;UNIVERSIDAD CATOLICA DE LA SANTISIMA CONCEPCION
940434;2;200212;15 a 19 años;Universidades Estatales CRUCH;UNIVERSIDAD ARTURO PRAT
532915;2;199910;20 a 24 años;Universidades Estatales CRUCH;UNIVERSIDAD DE PLAYA ANCHA DE CIENCIAS DE LA EDUCACION
904336;1;200208;15 a 19 años;Universidades Privadas CRUCH;UNIVERSIDAD AUSTRAL DE CHILE
661203;2;200010;20 a 24 años;Universidades Estatales CRUCH;UNIVERSIDAD DE PLAYA ANCHA DE CIENCIAS DE LA EDUCACION
679023;2;200009;20 a 24 años;Universidades Privadas;UNIVERSIDAD AUTONOMA DE CHILE
231614;1;199311;25 a 29 años;Universidades Estatales CRUCH;UNIVERSIDAD DE CHILE
528288;2;199905;20 a 24 años;Universidades Privadas CRUCH;UNIVERSIDAD DE LOS ANDES
888784;1;200207;15 a 19 años;Universidades Estatales CRUCH;UNIVERSIDAD DE PLAYA ANCHA DE CIENCIAS DE LA EDUCACION
460785;2;199807;20 a 24 años;Universidades Privadas CRUCH;UNIVERSIDAD CATOLICA DEL NORTE
314002;1;199606;25 a 29 años;Universidades Privadas;UNIVERSIDAD ACADEMIA DE HUMANISMO CRISTIANO
754434;2;200102;20 a 24 años;Universidades Privadas CRUCH;UNIVERSIDAD AUSTRAL DE CHILE
906765;2;200208;15 a 19 años;Universidades Privadas CRUCH;UNIVERSIDAD CATOLICA DE TEMUCO
439944;2;199901;20 a 24 años;Universidades Privadas;UNIVERSIDAD AUTONOMA DE CHILE
183583;2;199109;30 a 34 años;Universidades Privadas CRUCH;UNIVERSIDAD CATOLICA DEL NORTE
1155816;2;200011;20 a 24 años;Universidades Estatales CRUCH;UNIVERSIDAD DE PLAYA ANCHA DE CIENCIAS DE LA EDUCACION
965162;2;200302;15 a 19 años;Universidades Estatales CRUCH;UNIVERSIDAD DE CHILE
321406;2;200104;20 a 24 años;Universidades Estatales CRUCH;UNIVERSIDAD DE CHILE
492807;2;199906;20 a 24 años;Universidades Privadas CRUCH;UNIVERSIDAD AUSTRAL DE CHILE
393338;1;199802;20 a 24 años;Universidades Privadas;UNIVERSIDAD AUTONOMA DE CHILE
490654;2;199907;20 a 24 años;Universidades Estatales CRUCH;UNIVERSIDAD DE CHILE
334508;2;199704;25 a 29 años;Universidades Estatales CRUCH;UNIVERSIDAD ARTURO PRAT
560804;1;200007;20 a 24 años;Universidades Estatales CRUCH;UNIVERSIDAD DE CHILE
1029896;2;200311;15 a 19 años;Universidades Estatales CRUCH;UNIVERSIDAD DE MAGALLANES
586989;2;200003;20 a 24 años;Universidades Privadas CRUCH;PONTIFICIA UNIVERSIDAD CATOLICA DE VALPARAISO
634067;2;200011;20 a 24 años;Universidades Privadas;UNIVERSIDAD CATOLICA CARDENAL RAUL SILVA HENRIQUEZ
757422;2;200104;20 a 24 años;Universidades Privadas CRUCH;PONTIFICIA UNIVERSIDAD CATOLICA DE VALPARAISO
342259;2;199706;25 a 29 años;Universidades Privadas;UNIVERSIDAD AUTONOMA DE CHILE
102439;2;198508;35 a 39 años;Universidades Privadas CRUCH;UNIVERSIDAD AUSTRAL DE CHILE
805367;2;200104;20 a 24 años;Universidades Estatales CRUCH;UNIVERSIDAD DE O'HIGGINS
484717;1;199810;20 a 24 años;Universidades Privadas CRUCH;UNIVERSIDAD CATOLICA DE LA SANTISIMA CONCEPCION
639917;2;200010;20 a 24 años;Universidades Privadas;UNIVERSIDAD CATOLICA CARDENAL RAUL SILVA HENRIQUEZ
1152973;2;200001;20 a 24 años;Universidades Privadas;UNIVERSIDAD DE LAS AMERICAS
315567;2;199608;25 a 29 años;Universidades Privadas;UNIVERSIDAD ACADEMIA DE HUMANISMO CRISTIANO
203354;2;199212;25 a 29 años;Universidades Privadas CRUCH;PONTIFICIA UNIVERSIDAD CATOLICA DE VALPARAISO
482574;2;199901;20 a 24 años;Universidades Privadas CRUCH;UNIVERSIDAD AUSTRAL DE CHILE
285745;1;199508;25 a 29 años;Universidades Privadas;UNIVERSIDAD SAN SEBASTIAN
535999;2;199904;20 a 24 años;Universidades Privadas CRUCH;UNIVERSIDAD DE LOS ANDES
174911;2;199008;30 a 34 años;Universidades Estatales CRUCH;UNIVERSIDAD DE TARAPACA
532173;1;199904;20 a 24 años;Universidades Estatales CRUCH;UNIVERSIDAD DE PLAYA ANCHA DE CIENCIAS DE LA EDUCACION
474019;2;199901;20 a 24 años;Universidades Privadas;UNIVERSIDAD AUTONOMA DE CHILE
350913;2;199609;25 a 29 años;Universidades Estatales CRUCH;UNIVERSIDAD DE O'HIGGINS
412958;1;199710;20 a 24 años;Universidades Privadas;UNIVERSIDAD AUTONOMA DE CHILE
803542;2;200109;20 a 24 años;Universidades Privadas CRUCH;UNIVERSIDAD CATOLICA DE LA SANTISIMA CONCEPCION
297341;2;199507;25 a 29 años;Universidades Privadas;UNIVERSIDAD AUTONOMA DE CHILE
970611;2;200303;15 a 19 años;Universidades Estatales CRUCH;UNIVERSIDAD ARTURO PRAT
742139;2;200105;20 a 24 años;Universidades Estatales CRUCH;UNIVERSIDAD DE MAGALLANES
447205;2;199811;20 a 24 años;Universidades Estatales CRUCH;UNIVERSIDAD DE MAGALLANES
853234;2;200204;20 a 24 años;Universidades Privadas CRUCH;UNIVERSIDAD CATOLICA DE LA SANTISIMA CONCEPCION
687138;2;200102;20 a 24 años;Universidades Privadas CRUCH;UNIVERSIDAD CATOLICA DEL NORTE
396892;2;199802;20 a 24 años;Universidades Estatales CRUCH;UNIVERSIDAD DE TARAPACA
727417;1;200101;20 a 24 años;Universidades Privadas CRUCH;UNIVERSIDAD AUSTRAL DE CHILE
615916;2;200007;20 a 24 años;Universidades Privadas CRUCH;UNIVERSIDAD CATOLICA DE LA SANTISIMA CONCEPCION
465036;2;199810;20 a 24 años;Universidades Estatales CRUCH;UNIVERSIDAD DE PLAYA ANCHA DE CIENCIAS DE LA EDUCACION
503169;2;199908;20 a 24 años;Universidades Privadas CRUCH;UNIVERSIDAD CATOLICA DE TEMUCO
749448;2;200112;20 a 24 años;Universidades Estatales CRUCH;UNIVERSIDAD DE CHILE
442185;2;199808;20 a 24 años;Universidades Estatales CRUCH;UNIVERSIDAD DE O'HIGGINS
729324;2;200106;20 a 24 años;Universidades Estatales CRUCH;UNIVERSIDAD DE O'HIGGINS
671301;2;200011;20 a 24 años;Universidades Estatales CRUCH;UNIVERSIDAD DE TARAPACA
954333;1;200301;15 a 19 años;Universidades Estatales CRUCH;UNIVERSIDAD DE O'HIGGINS
1039791;2;200401;15 a 19 años;Universidades Estatales CRUCH;UNIVERSIDAD DE CHILE
456471;2;199806;20 a 24 años;Universidades Privadas;UNIVERSIDAD AUTONOMA DE CHILE
622835;2;200002;20 a 24 años;Universidades Privadas;UNIVERSIDAD CATOLICA CARDENAL RAUL SILVA HENRIQUEZ
910720;2;200211;15 a 19 años;Universidades Estatales CRUCH;UNIVERSIDAD DE PLAYA ANCHA DE CIENCIAS DE LA EDUCACION
1149532;1;200004;20 a 24 años;Universidades Privadas CRUCH;UNIVERSIDAD CATOLICA DEL NORTE
871037;1;200205;20 a 24 años;Universidades Estatales CRUCH;UNIVERSIDAD DE TARAPACA
228486;2;199305;25 a 29 años;Universidades Estatales CRUCH;UNIVERSIDAD DE PLAYA ANCHA DE CIENCIAS DE LA EDUCACION
874199;2;200205;20 a 24 años;Universidades Estatales CRUCH;UNIVERSIDAD DE CHILE
445606;2;199811;20 a 24 años;Universidades Estatales CRUCH;UNIVERSIDAD DE CHILE
1110690;1;199005;30 a 34 años;Universidades Privadas;UNIVERSIDAD DE LAS AMERICAS
350087;2;199704;25 a 29 años;Universidades Privadas CRUCH;UNIVERSIDAD CATOLICA DE TEMUCO
793765;2;200107;20 a 24 años;Universidades Privadas CRUCH;UNIVERSIDAD DE LOS ANDES
521441;2;199904;20 a 24 años;Universidades Privadas CRUCH;UNIVERSIDAD CATOLICA DE LA SANTISIMA CONCEPCION
573054;1;199907;20 a 24 años;Universidades Privadas CRUCH;UNIVERSIDAD CATOLICA DEL NORTE
662190;2;200009;20 a 24 años;Universidades Privadas CRUCH;PONTIFICIA UNIVERSIDAD CATOLICA DE VALPARAISO
587731;2;199909;20 a 24 años;Universidades Estatales CRUCH;UNIVERSIDAD DE O'HIGGINS
896449;2;200206;20 a 24 años;Universidades Estatales CRUCH;UNIVERSIDAD DE TARAPACA
944624;2;200210;15 a 19 años;Universidades Privadas CRUCH;UNIVERSIDAD CATOLICA DE TEMUCO
832085;2;200112;20 a 24 años;Universidades Privadas CRUCH;UNIVERSIDAD CATOLICA DE LA SANTISIMA CONCEPCION
528325;2;199905;20 a 24 años;Universidades Privadas CRUCH;UNIVERSIDAD DE LOS ANDES
1024872;2;200311;15 a 19 años;Universidades Privadas;UNIVERSIDAD SAN SEBASTIAN
415098;2;199709;20 a 24 años;Universidades Privadas CRUCH;UNIVERSIDAD CATOLICA DE LA SANTISIMA CONCEPCION
38401;2;198005;40 y m√°s años;Universidades Estatales CRUCH;UNIVERSIDAD DE TARAPACA
356945;2;199611;25 a 29 años;Universidades Privadas CRUCH;UNIVERSIDAD AUSTRAL DE CHILE
330057;2;199611;25 a 29 años;Universidades Estatales CRUCH;UNIVERSIDAD ARTURO PRAT
1176239;2;200206;20 a 24 años;Universidades Privadas CRUCH;UNIVERSIDAD CATOLICA DEL NORTE
177379;2;199105;30 a 34 años;Universidades Privadas;UNIVERSIDAD DE LAS AMERICAS
907569;2;200208;15 a 19 años;Universidades Privadas CRUCH;PONTIFICIA UNIVERSIDAD CATOLICA DE VALPARAISO
897976;2;200207;15 a 19 años;Universidades Privadas;UNIVERSIDAD AUTONOMA DE CHILE
482465;2;199810;20 a 24 años;Universidades Privadas CRUCH;UNIVERSIDAD AUSTRAL DE CHILE
786373;2;200111;20 a 24 años;Universidades Privadas CRUCH;UNIVERSIDAD DE LOS ANDES
786276;2;200111;20 a 24 años;Universidades Privadas CRUCH;UNIVERSIDAD DE LOS ANDES
417429;2;199801;20 a 24 años;Universidades Estatales CRUCH;UNIVERSIDAD DE CHILE
512165;2;199901;20 a 24 años;Universidades Privadas;UNIVERSIDAD CATOLICA CARDENAL RAUL SILVA HENRIQUEZ
706256;2;200012;20 a 24 años;Universidades Privadas CRUCH;PONTIFICIA UNIVERSIDAD CATOLICA DE VALPARAISO
817598;2;199903;20 a 24 años;Universidades Privadas CRUCH;UNIVERSIDAD AUSTRAL DE CHILE
1025518;2;200311;15 a 19 años;Universidades Privadas;UNIVERSIDAD AUTONOMA DE CHILE
858628;2;200203;20 a 24 años;Universidades Privadas;UNIVERSIDAD AUTONOMA DE CHILE
616471;2;199912;20 a 24 años;Universidades Privadas;UNIVERSIDAD ACADEMIA DE HUMANISMO CRISTIANO
789648;2;200203;20 a 24 años;Universidades Privadas CRUCH;UNIVERSIDAD CATOLICA DE TEMUCO
1203345;2;199904;20 a 24 años;Universidades Privadas;UNIVERSIDAD ACADEMIA DE HUMANISMO CRISTIANO
665432;2;200006;20 a 24 años;Universidades Privadas CRUCH;UNIVERSIDAD AUSTRAL DE CHILE
1136903;2;199812;20 a 24 años;Universidades Privadas CRUCH;UNIVERSIDAD CATOLICA DE LA SANTISIMA CONCEPCION
1053368;2;200403;15 a 19 años;Universidades Privadas CRUCH;UNIVERSIDAD AUSTRAL DE CHILE
482521;2;199810;20 a 24 años;Universidades Privadas CRUCH;UNIVERSIDAD AUSTRAL DE CHILE
702401;2;200009;20 a 24 años;Universidades Estatales CRUCH;UNIVERSIDAD DE CHILE
992807;1;200306;15 a 19 años;Universidades Privadas CRUCH;PONTIFICIA UNIVERSIDAD CATOLICA DE VALPARAISO
186212;2;199205;30 a 34 años;Universidades Estatales CRUCH;UNIVERSIDAD DE CHILE
282497;1;199507;25 a 29 años;Universidades Privadas;UNIVERSIDAD DE LAS AMERICAS
1018215;2;200310;15 a 19 años;Universidades Privadas CRUCH;UNIVERSIDAD AUSTRAL DE CHILE
296721;2;199512;25 a 29 años;Universidades Estatales CRUCH;UNIVERSIDAD DE O'HIGGINS
512271;2;199901;20 a 24 años;Universidades Privadas;UNIVERSIDAD CATOLICA CARDENAL RAUL SILVA HENRIQUEZ
324691;2;199609;25 a 29 años;Universidades Privadas CRUCH;UNIVERSIDAD CATOLICA DE LA SANTISIMA CONCEPCION
772601;2;200106;20 a 24 años;Universidades Privadas CRUCH;UNIVERSIDAD CATOLICA DEL NORTE
571674;2;199906;20 a 24 años;Universidades Privadas CRUCH;PONTIFICIA UNIVERSIDAD CATOLICA DE VALPARAISO
902879;2;200208;15 a 19 años;Universidades Privadas;UNIVERSIDAD CATOLICA CARDENAL RAUL SILVA HENRIQUEZ
468815;2;199807;20 a 24 años;Universidades Privadas CRUCH;UNIVERSIDAD DE LOS ANDES
798412;2;200108;20 a 24 años;Universidades Privadas CRUCH;UNIVERSIDAD CATOLICA DE TEMUCO
848253;2;200202;20 a 24 años;Universidades Privadas;UNIVERSIDAD SAN SEBASTIAN
673708;1;200010;20 a 24 años;Universidades Privadas CRUCH;UNIVERSIDAD CATOLICA DE LA SANTISIMA CONCEPCION
552054;2;199909;20 a 24 años;Universidades Privadas;UNIVERSIDAD FINIS TERRAE
461815;2;199811;20 a 24 años;Universidades Privadas CRUCH;UNIVERSIDAD CATOLICA DE TEMUCO
722303;2;200105;20 a 24 años;Universidades Privadas CRUCH;UNIVERSIDAD CATOLICA DE TEMUCO
476988;2;199811;20 a 24 años;Universidades Privadas CRUCH;UNIVERSIDAD CATOLICA DE TEMUCO
635881;2;200004;20 a 24 años;Universidades Privadas CRUCH;UNIVERSIDAD DE LOS ANDES
955817;1;200301;15 a 19 años;Universidades Privadas CRUCH;UNIVERSIDAD AUSTRAL DE CHILE
779127;2;200210;15 a 19 años;Universidades Estatales CRUCH;UNIVERSIDAD DE CHILE
147504;2;198910;30 a 34 años;Universidades Privadas;UNIVERSIDAD ACADEMIA DE HUMANISMO CRISTIANO
158924;2;199002;30 a 34 años;Universidades Privadas CRUCH;PONTIFICIA UNIVERSIDAD CATOLICA DE VALPARAISO
616681;1;200002;20 a 24 años;Universidades Privadas CRUCH;UNIVERSIDAD CATOLICA DEL NORTE
1026072;2;200311;15 a 19 años;Universidades Privadas CRUCH;UNIVERSIDAD CATOLICA DEL NORTE
1163505;2;200103;20 a 24 años;Universidades Privadas;UNIVERSIDAD FINIS TERRAE
1141514;1;199812;20 a 24 años;Universidades Estatales CRUCH;UNIVERSIDAD DE ANTOFAGASTA
878574;2;200206;20 a 24 años;Universidades Estatales CRUCH;UNIVERSIDAD DE O'HIGGINS
618292;2;200004;20 a 24 años;Universidades Privadas CRUCH;PONTIFICIA UNIVERSIDAD CATOLICA DE VALPARAISO
829761;2;200210;15 a 19 años;Universidades Privadas;UNIVERSIDAD AUTONOMA DE CHILE
640530;1;200006;20 a 24 años;Universidades Privadas CRUCH;UNIVERSIDAD CATOLICA DE LA SANTISIMA CONCEPCION
475041;2;199808;20 a 24 años;Universidades Privadas CRUCH;PONTIFICIA UNIVERSIDAD CATOLICA DE VALPARAISO
445019;2;199809;20 a 24 años;Universidades Privadas CRUCH;PONTIFICIA UNIVERSIDAD CATOLICA DE VALPARAISO
189819;1;199204;30 a 34 años;Universidades Estatales CRUCH;UNIVERSIDAD DE O'HIGGINS
1155474;2;200010;20 a 24 años;Universidades Privadas;UNIVERSIDAD AUTONOMA DE CHILE
581602;2;199910;20 a 24 años;Universidades Privadas CRUCH;UNIVERSIDAD AUSTRAL DE CHILE
571449;2;200003;20 a 24 años;Universidades Privadas;UNIVERSIDAD AUTONOMA DE CHILE
567568;2;199911;20 a 24 años;Universidades Privadas CRUCH;UNIVERSIDAD CATOLICA DEL NORTE
292402;2;200012;20 a 24 años;Universidades Privadas CRUCH;UNIVERSIDAD CATOLICA DEL NORTE
1046783;2;200402;15 a 19 años;Universidades Estatales CRUCH;UNIVERSIDAD DE CHILE
184280;2;199103;30 a 34 años;Universidades Privadas;UNIVERSIDAD CATOLICA CARDENAL RAUL SILVA HENRIQUEZ
748777;2;200104;20 a 24 años;Universidades Privadas CRUCH;UNIVERSIDAD CATOLICA DE LA SANTISIMA CONCEPCION
800868;2;200109;20 a 24 años;Universidades Estatales CRUCH;UNIVERSIDAD DE ANTOFAGASTA
370220;1;199712;20 a 24 años;Universidades Estatales CRUCH;UNIVERSIDAD DE PLAYA ANCHA DE CIENCIAS DE LA EDUCACION
907979;1;200208;15 a 19 años;Universidades Estatales CRUCH;UNIVERSIDAD DE MAGALLANES
549723;1;199904;20 a 24 años;Universidades Privadas CRUCH;UNIVERSIDAD CATOLICA DE LA SANTISIMA CONCEPCION
853604;2;200201;20 a 24 años;Universidades Privadas CRUCH;UNIVERSIDAD CATOLICA DE TEMUCO
268669;2;199503;25 a 29 años;Universidades Privadas CRUCH;UNIVERSIDAD CATOLICA DE LA SANTISIMA CONCEPCION
480116;2;199908;20 a 24 años;Universidades Privadas CRUCH;PONTIFICIA UNIVERSIDAD CATOLICA DE VALPARAISO
704136;2;200009;20 a 24 años;Universidades Estatales CRUCH;UNIVERSIDAD DE CHILE
700334;2;200011;20 a 24 años;Universidades Privadas CRUCH;UNIVERSIDAD CATOLICA DE TEMUCO
830956;2;200201;20 a 24 años;Universidades Estatales CRUCH;UNIVERSIDAD DE PLAYA ANCHA DE CIENCIAS DE LA EDUCACION
784372;2;200106;20 a 24 años;Universidades Privadas CRUCH;UNIVERSIDAD DE LOS ANDES
825435;1;200111;20 a 24 años;Universidades Estatales CRUCH;UNIVERSIDAD DE O'HIGGINS
567358;2;199908;20 a 24 años;Universidades Estatales CRUCH;UNIVERSIDAD DE ANTOFAGASTA
62440;2;200101;20 a 24 años;Universidades Estatales CRUCH;UNIVERSIDAD DE PLAYA ANCHA DE CIENCIAS DE LA EDUCACION
357413;2;199706;25 a 29 años;Universidades Privadas CRUCH;UNIVERSIDAD AUSTRAL DE CHILE
719880;2;200011;20 a 24 años;Universidades Privadas CRUCH;UNIVERSIDAD DE LOS ANDES
1059888;2;200405;15 a 19 años;Universidades Estatales CRUCH;UNIVERSIDAD DE LOS LAGOS
298424;2;199609;25 a 29 años;Universidades Estatales CRUCH;UNIVERSIDAD DE ANTOFAGASTA
974792;2;200303;15 a 19 años;Universidades Privadas CRUCH;UNIVERSIDAD CATOLICA DE TEMUCO
822635;2;200111;20 a 24 años;Universidades Estatales CRUCH;UNIVERSIDAD DE O'HIGGINS
989898;2;200305;15 a 19 años;Universidades Privadas CRUCH;UNIVERSIDAD DE LOS ANDES
586147;1;200003;20 a 24 años;Universidades Privadas;UNIVERSIDAD ACADEMIA DE HUMANISMO CRISTIANO
195300;2;199206;30 a 34 años;Universidades Privadas;UNIVERSIDAD CATOLICA CARDENAL RAUL SILVA HENRIQUEZ
212157;2;199211;25 a 29 años;Universidades Privadas;UNIVERSIDAD DE LAS AMERICAS
472166;2;199811;20 a 24 años;Universidades Privadas;UNIVERSIDAD ACADEMIA DE HUMANISMO CRISTIANO
406839;2;199905;20 a 24 años;Universidades Privadas;UNIVERSIDAD DE LAS AMERICAS
631179;2;200008;20 a 24 años;Universidades Privadas CRUCH;UNIVERSIDAD CATOLICA DEL NORTE
789159;2;200111;20 a 24 años;Universidades Estatales CRUCH;UNIVERSIDAD DE CHILE